Date,Ticker,Close
2024-09-23,AAPL,172.18
2024-09-24,AAPL,171.65
2024-09-25,AAPL,174.5
2024-09-26,AAPL,181.21
2024-09-27,AAPL,180.23
2024-09-30,AAPL,179.24
2024-10-01,AAPL,186.39
2024-10-02,AAPL,190.04
2024-10-03,AAPL,187.89
2024-10-04,AAPL,190.51
2024-10-07,AAPL,188.38
2024-10-08,AAPL,186.26
2024-10-09,AAPL,187.46
2024-10-10,AAPL,178.57
2024-10-11,AAPL,170.94
2024-10-14,AAPL,168.61
2024-10-15,AAPL,164.41
2024-10-16,AAPL,165.76
2024-10-17,AAPL,162.07
2024-10-18,AAPL,156.41
2024-10-21,AAPL,162.2
2024-10-22,AAPL,161.35
2024-10-23,AAPL,161.69
2024-10-24,AAPL,156.0
2024-10-25,AAPL,153.93
2024-10-28,AAPL,154.42
2024-10-29,AAPL,150.04
2024-10-30,AAPL,151.51
2024-10-31,AAPL,149.3
2024-11-01,AAPL,148.27
2024-11-04,AAPL,146.1
2024-11-05,AAPL,152.92
2024-11-06,AAPL,152.93
2024-11-07,AAPL,148.95
2024-11-08,AAPL,152.07
2024-11-11,AAPL,147.49
2024-11-12,AAPL,148.32
2024-11-13,AAPL,141.11
2024-11-14,AAPL,136.48
2024-11-15,AAPL,137.21
2024-11-18,AAPL,139.8
2024-11-19,AAPL,140.45
2024-11-20,AAPL,140.1
2024-11-21,AAPL,139.1
2024-11-22,AAPL,134.02
2024-11-25,AAPL,131.66
2024-11-26,AAPL,130.19
2024-11-27,AAPL,133.69
2024-11-28,AAPL,134.89
2024-11-29,AAPL,129.0
2024-12-02,AAPL,130.09
2024-12-03,AAPL,128.89
2024-12-04,AAPL,126.76
2024-12-05,AAPL,128.75
2024-12-06,AAPL,132.12
2024-12-09,AAPL,135.25
2024-12-10,AAPL,132.47
2024-12-11,AAPL,131.5
2024-12-12,AAPL,132.64
2024-12-13,AAPL,135.93
2024-12-16,AAPL,134.35
2024-12-17,AAPL,133.78
2024-12-18,AAPL,130.14
2024-12-19,AAPL,126.3
2024-12-20,AAPL,128.91
2024-12-23,AAPL,133.34
2024-12-24,AAPL,133.15
2024-12-25,AAPL,136.54
2024-12-26,AAPL,137.83
2024-12-27,AAPL,135.66
2024-12-30,AAPL,136.94
2024-12-31,AAPL,142.26
2025-01-01,AAPL,142.19
2025-01-02,AAPL,147.81
2025-01-03,AAPL,138.19
2025-01-06,AAPL,141.09
2025-01-07,AAPL,141.45
2025-01-08,AAPL,140.45
2025-01-09,AAPL,140.83
2025-01-10,AAPL,133.89
2025-01-13,AAPL,133.2
2025-01-14,AAPL,134.45
2025-01-15,AAPL,139.47
2025-01-16,AAPL,137.72
2025-01-17,AAPL,134.99
2025-01-20,AAPL,133.35
2025-01-21,AAPL,136.45
2025-01-22,AAPL,137.63
2025-01-23,AAPL,135.86
2025-01-24,AAPL,137.66
2025-01-27,AAPL,138.05
2025-01-28,AAPL,141.45
2025-01-29,AAPL,139.02
2025-01-30,AAPL,137.94
2025-01-31,AAPL,136.64
2025-02-03,AAPL,131.7
2025-02-04,AAPL,132.72
2025-02-05,AAPL,133.64
2025-02-06,AAPL,133.71
2025-02-07,AAPL,132.98
2025-02-10,AAPL,128.33
2025-02-11,AAPL,127.03
2025-02-12,AAPL,126.0
2025-02-13,AAPL,123.52
2025-02-14,AAPL,123.07
2025-02-17,AAPL,124.36
2025-02-18,AAPL,130.28
2025-02-19,AAPL,130.9
2025-02-20,AAPL,131.79
2025-02-21,AAPL,131.6
2025-02-24,AAPL,125.34
2025-02-25,AAPL,125.31
2025-02-26,AAPL,125.55
2025-02-27,AAPL,133.33
2025-02-28,AAPL,132.74
2025-03-03,AAPL,133.79
2025-03-04,AAPL,133.73
2025-03-05,AAPL,129.88
2025-03-06,AAPL,133.64
2025-03-07,AAPL,136.2
2025-03-10,AAPL,138.95
2025-03-11,AAPL,135.85
2025-03-12,AAPL,140.67
2025-03-13,AAPL,135.79
2025-03-14,AAPL,137.84
2025-03-17,AAPL,145.44
2025-03-18,AAPL,141.9
2025-03-19,AAPL,139.95
2025-03-20,AAPL,140.35
2025-03-21,AAPL,138.64
2025-03-24,AAPL,133.32
2025-03-25,AAPL,133.61
2025-03-26,AAPL,130.11
2025-03-27,AAPL,131.7
2025-03-28,AAPL,128.73
2025-03-31,AAPL,133.77
2025-04-01,AAPL,131.2
2025-04-02,AAPL,130.2
2025-04-03,AAPL,132.9
2025-04-04,AAPL,128.86
2025-04-07,AAPL,129.65
2025-04-08,AAPL,133.93
2025-04-09,AAPL,128.61
2025-04-10,AAPL,129.25
2025-04-11,AAPL,130.14
2025-04-14,AAPL,132.74
2025-04-15,AAPL,128.69
2025-04-16,AAPL,124.49
2025-04-17,AAPL,126.16
2025-04-18,AAPL,127.15
2025-04-21,AAPL,128.0
2025-04-22,AAPL,129.16
2025-04-23,AAPL,127.01
2025-04-24,AAPL,127.8
2025-04-25,AAPL,128.79
2025-04-28,AAPL,126.54
2025-04-29,AAPL,132.49
2025-04-30,AAPL,134.12
2025-05-01,AAPL,130.18
2025-05-02,AAPL,132.37
2025-05-05,AAPL,129.19
2025-05-06,AAPL,131.79
2025-05-07,AAPL,135.66
2025-05-08,AAPL,132.93
2025-05-09,AAPL,136.18
2025-05-12,AAPL,137.64
2025-05-13,AAPL,140.53
2025-05-14,AAPL,147.25
2025-05-15,AAPL,146.4
2025-05-16,AAPL,143.7
2025-05-19,AAPL,140.56
2025-05-20,AAPL,137.75
2025-05-21,AAPL,137.54
2025-05-22,AAPL,138.77
2025-05-23,AAPL,139.79
2025-05-26,AAPL,142.73
2025-05-27,AAPL,142.84
2025-05-28,AAPL,148.08
2025-05-29,AAPL,147.16
2025-05-30,AAPL,157.23
2025-06-02,AAPL,159.75
2025-06-03,AAPL,156.39
2025-06-04,AAPL,152.27
2025-06-05,AAPL,154.17
2025-06-06,AAPL,153.37
2025-06-09,AAPL,156.16
2025-06-10,AAPL,158.07
2025-06-11,AAPL,157.85
2025-06-12,AAPL,154.57
2025-06-13,AAPL,148.78
2025-06-16,AAPL,147.18
2025-06-17,AAPL,150.39
2025-06-18,AAPL,151.25
2025-06-19,AAPL,146.6
2025-06-20,AAPL,147.3
2025-06-23,AAPL,148.77
2025-06-24,AAPL,145.55
2025-06-25,AAPL,146.16
2025-06-26,AAPL,146.44
2025-06-27,AAPL,142.31
2025-06-30,AAPL,143.64
2025-07-01,AAPL,145.71
2025-07-02,AAPL,149.71
2025-07-03,AAPL,153.72
2025-07-04,AAPL,148.49
2025-07-07,AAPL,145.06
2025-07-08,AAPL,146.99
2025-07-09,AAPL,148.94
2025-07-10,AAPL,150.91
2025-07-11,AAPL,165.51
2025-07-14,AAPL,167.94
2025-07-15,AAPL,172.77
2025-07-16,AAPL,176.96
2025-07-17,AAPL,179.91
2025-07-18,AAPL,178.57
2025-07-21,AAPL,182.03
2025-07-22,AAPL,178.58
2025-07-23,AAPL,177.6
2025-07-24,AAPL,175.51
2025-07-25,AAPL,175.94
2025-07-28,AAPL,186.2
2025-07-29,AAPL,177.58
2025-07-30,AAPL,180.7
2025-07-31,AAPL,173.48
2025-08-01,AAPL,171.51
2025-08-04,AAPL,176.24
2025-08-05,AAPL,176.6
2025-08-06,AAPL,171.91
2025-08-07,AAPL,168.9
2025-08-08,AAPL,171.84
2025-08-11,AAPL,168.77
2025-08-12,AAPL,169.75
2025-08-13,AAPL,170.01
2025-08-14,AAPL,167.31
2025-08-15,AAPL,176.35
2025-08-18,AAPL,179.21
2025-08-19,AAPL,170.21
2025-08-20,AAPL,171.07
2025-08-21,AAPL,168.31
2025-08-22,AAPL,171.96
2025-08-25,AAPL,168.63
2025-08-26,AAPL,168.21
2025-08-27,AAPL,170.4
2025-08-28,AAPL,174.16
2025-08-29,AAPL,169.0
2025-09-01,AAPL,167.66
2025-09-02,AAPL,165.73
2025-09-03,AAPL,163.09
2025-09-04,AAPL,170.35
2025-09-05,AAPL,172.15
2025-09-08,AAPL,166.79
2025-09-09,AAPL,170.68
2025-09-10,AAPL,179.81
2025-09-11,AAPL,184.52
2025-09-12,AAPL,177.59
2025-09-15,AAPL,175.51
2025-09-16,AAPL,181.14
2025-09-17,AAPL,178.0
2025-09-18,AAPL,180.05
2025-09-19,AAPL,183.61
2024-09-23,MSFT,312.71
2024-09-24,MSFT,312.37
2024-09-25,MSFT,287.19
2024-09-26,MSFT,279.95
2024-09-27,MSFT,278.29
2024-09-30,MSFT,269.72
2024-10-01,MSFT,280.84
2024-10-02,MSFT,270.91
2024-10-03,MSFT,268.03
2024-10-04,MSFT,269.02
2024-10-07,MSFT,278.82
2024-10-08,MSFT,268.92
2024-10-09,MSFT,276.85
2024-10-10,MSFT,277.03
2024-10-11,MSFT,270.34
2024-10-14,MSFT,273.58
2024-10-15,MSFT,275.05
2024-10-16,MSFT,271.03
2024-10-17,MSFT,271.61
2024-10-18,MSFT,269.1
2024-10-21,MSFT,269.97
2024-10-22,MSFT,274.55
2024-10-23,MSFT,285.55
2024-10-24,MSFT,276.82
2024-10-25,MSFT,291.7
2024-10-28,MSFT,277.58
2024-10-29,MSFT,276.64
2024-10-30,MSFT,280.82
2024-10-31,MSFT,282.9
2024-11-01,MSFT,278.61
2024-11-04,MSFT,277.27
2024-11-05,MSFT,273.97
2024-11-06,MSFT,270.04
2024-11-07,MSFT,275.88
2024-11-08,MSFT,278.45
2024-11-11,MSFT,273.74
2024-11-12,MSFT,280.01
2024-11-13,MSFT,282.27
2024-11-14,MSFT,288.12
2024-11-15,MSFT,292.77
2024-11-18,MSFT,286.82
2024-11-19,MSFT,282.92
2024-11-20,MSFT,288.32
2024-11-21,MSFT,292.83
2024-11-22,MSFT,292.8
2024-11-25,MSFT,293.77
2024-11-26,MSFT,303.27
2024-11-27,MSFT,298.91
2024-11-28,MSFT,303.12
2024-11-29,MSFT,301.71
2024-12-02,MSFT,300.18
2024-12-03,MSFT,308.55
2024-12-04,MSFT,315.04
2024-12-05,MSFT,321.57
2024-12-06,MSFT,332.2
2024-12-09,MSFT,332.51
2024-12-10,MSFT,338.31
2024-12-11,MSFT,335.82
2024-12-12,MSFT,338.67
2024-12-13,MSFT,337.71
2024-12-16,MSFT,338.66
2024-12-17,MSFT,343.84
2024-12-18,MSFT,336.94
2024-12-19,MSFT,354.7
2024-12-20,MSFT,345.92
2024-12-23,MSFT,335.56
2024-12-24,MSFT,345.41
2024-12-25,MSFT,352.38
2024-12-26,MSFT,358.02
2024-12-27,MSFT,363.79
2024-12-30,MSFT,363.82
2024-12-31,MSFT,355.81
2025-01-01,MSFT,356.63
2025-01-02,MSFT,350.73
2025-01-03,MSFT,359.42
2025-01-06,MSFT,358.24
2025-01-07,MSFT,350.99
2025-01-08,MSFT,348.31
2025-01-09,MSFT,352.05
2025-01-10,MSFT,347.23
2025-01-13,MSFT,340.23
2025-01-14,MSFT,342.44
2025-01-15,MSFT,344.67
2025-01-16,MSFT,340.44
2025-01-17,MSFT,336.57
2025-01-20,MSFT,338.66
2025-01-21,MSFT,326.53
2025-01-22,MSFT,315.17
2025-01-23,MSFT,309.64
2025-01-24,MSFT,308.11
2025-01-27,MSFT,310.63
2025-01-28,MSFT,322.21
2025-01-29,MSFT,329.25
2025-01-30,MSFT,328.06
2025-01-31,MSFT,328.04
2025-02-03,MSFT,319.95
2025-02-04,MSFT,319.93
2025-02-05,MSFT,317.75
2025-02-06,MSFT,320.44
2025-02-07,MSFT,313.94
2025-02-10,MSFT,318.14
2025-02-11,MSFT,330.46
2025-02-12,MSFT,329.69
2025-02-13,MSFT,333.13
2025-02-14,MSFT,339.01
2025-02-17,MSFT,335.75
2025-02-18,MSFT,337.77
2025-02-19,MSFT,338.01
2025-02-20,MSFT,338.97
2025-02-21,MSFT,332.55
2025-02-24,MSFT,332.89
2025-02-25,MSFT,337.17
2025-02-26,MSFT,349.53
2025-02-27,MSFT,358.06
2025-02-28,MSFT,377.47
2025-03-03,MSFT,370.38
2025-03-04,MSFT,378.61
2025-03-05,MSFT,380.49
2025-03-06,MSFT,401.48
2025-03-07,MSFT,393.53
2025-03-10,MSFT,385.42
2025-03-11,MSFT,379.8
2025-03-12,MSFT,359.79
2025-03-13,MSFT,355.2
2025-03-14,MSFT,348.6
2025-03-17,MSFT,350.05
2025-03-18,MSFT,353.18
2025-03-19,MSFT,369.89
2025-03-20,MSFT,378.83
2025-03-21,MSFT,373.51
2025-03-24,MSFT,365.27
2025-03-25,MSFT,369.91
2025-03-26,MSFT,357.85
2025-03-27,MSFT,374.38
2025-03-28,MSFT,385.57
2025-03-31,MSFT,381.2
2025-04-01,MSFT,365.03
2025-04-02,MSFT,377.53
2025-04-03,MSFT,376.6
2025-04-04,MSFT,388.4
2025-04-07,MSFT,373.07
2025-04-08,MSFT,367.63
2025-04-09,MSFT,367.83
2025-04-10,MSFT,368.41
2025-04-11,MSFT,364.41
2025-04-14,MSFT,370.23
2025-04-15,MSFT,360.5
2025-04-16,MSFT,359.36
2025-04-17,MSFT,360.58
2025-04-18,MSFT,365.36
2025-04-21,MSFT,372.01
2025-04-22,MSFT,361.7
2025-04-23,MSFT,347.97
2025-04-24,MSFT,359.23
2025-04-25,MSFT,362.35
2025-04-28,MSFT,355.72
2025-04-29,MSFT,369.66
2025-04-30,MSFT,370.87
2025-05-01,MSFT,381.95
2025-05-02,MSFT,382.75
2025-05-05,MSFT,402.62
2025-05-06,MSFT,420.45
2025-05-07,MSFT,418.0
2025-05-08,MSFT,428.33
2025-05-09,MSFT,435.41
2025-05-12,MSFT,450.48
2025-05-13,MSFT,439.79
2025-05-14,MSFT,447.51
2025-05-15,MSFT,459.53
2025-05-16,MSFT,439.51
2025-05-19,MSFT,426.69
2025-05-20,MSFT,405.1
2025-05-21,MSFT,402.54
2025-05-22,MSFT,409.92
2025-05-23,MSFT,425.48
2025-05-26,MSFT,426.44
2025-05-27,MSFT,443.97
2025-05-28,MSFT,428.83
2025-05-29,MSFT,410.74
2025-05-30,MSFT,410.33
2025-06-02,MSFT,414.44
2025-06-03,MSFT,414.26
2025-06-04,MSFT,393.02
2025-06-05,MSFT,392.3
2025-06-06,MSFT,379.66
2025-06-09,MSFT,386.17
2025-06-10,MSFT,389.87
2025-06-11,MSFT,380.86
2025-06-12,MSFT,376.12
2025-06-13,MSFT,366.31
2025-06-16,MSFT,365.88
2025-06-17,MSFT,374.77
2025-06-18,MSFT,365.68
2025-06-19,MSFT,370.44
2025-06-20,MSFT,365.67
2025-06-23,MSFT,358.57
2025-06-24,MSFT,357.75
2025-06-25,MSFT,348.64
2025-06-26,MSFT,343.95
2025-06-27,MSFT,333.79
2025-06-30,MSFT,350.32
2025-07-01,MSFT,350.77
2025-07-02,MSFT,344.77
2025-07-03,MSFT,346.75
2025-07-04,MSFT,345.92
2025-07-07,MSFT,344.15
2025-07-08,MSFT,349.57
2025-07-09,MSFT,356.33
2025-07-10,MSFT,351.74
2025-07-11,MSFT,346.82
2025-07-14,MSFT,344.58
2025-07-15,MSFT,324.88
2025-07-16,MSFT,312.71
2025-07-17,MSFT,323.52
2025-07-18,MSFT,336.95
2025-07-21,MSFT,334.99
2025-07-22,MSFT,339.95
2025-07-23,MSFT,342.73
2025-07-24,MSFT,369.25
2025-07-25,MSFT,379.73
2025-07-28,MSFT,378.67
2025-07-29,MSFT,369.78
2025-07-30,MSFT,355.07
2025-07-31,MSFT,357.02
2025-08-01,MSFT,350.41
2025-08-04,MSFT,338.09
2025-08-05,MSFT,332.76
2025-08-06,MSFT,323.9
2025-08-07,MSFT,337.69
2025-08-08,MSFT,345.27
2025-08-11,MSFT,345.34
2025-08-12,MSFT,358.25
2025-08-13,MSFT,359.09
2025-08-14,MSFT,351.5
2025-08-15,MSFT,365.03
2025-08-18,MSFT,370.09
2025-08-19,MSFT,360.64
2025-08-20,MSFT,359.07
2025-08-21,MSFT,351.35
2025-08-22,MSFT,339.35
2025-08-25,MSFT,347.34
2025-08-26,MSFT,364.06
2025-08-27,MSFT,351.48
2025-08-28,MSFT,356.56
2025-08-29,MSFT,350.91
2025-09-01,MSFT,346.77
2025-09-02,MSFT,341.78
2025-09-03,MSFT,334.53
2025-09-04,MSFT,335.07
2025-09-05,MSFT,328.24
2025-09-08,MSFT,330.6
2025-09-09,MSFT,330.31
2025-09-10,MSFT,328.47
2025-09-11,MSFT,321.15
2025-09-12,MSFT,316.65
2025-09-15,MSFT,322.75
2025-09-16,MSFT,326.93
2025-09-17,MSFT,319.07
2025-09-18,MSFT,319.99
2025-09-19,MSFT,326.12
2024-09-23,AMZN,134.21
2024-09-24,AMZN,136.09
2024-09-25,AMZN,133.89
2024-09-26,AMZN,135.85
2024-09-27,AMZN,133.32
2024-09-30,AMZN,127.35
2024-10-01,AMZN,122.22
2024-10-02,AMZN,122.42
2024-10-03,AMZN,123.26
2024-10-04,AMZN,120.52
2024-10-07,AMZN,122.5
2024-10-08,AMZN,117.46
2024-10-09,AMZN,117.31
2024-10-10,AMZN,113.81
2024-10-11,AMZN,112.0
2024-10-14,AMZN,112.17
2024-10-15,AMZN,109.81
2024-10-16,AMZN,108.79
2024-10-17,AMZN,111.58
2024-10-18,AMZN,110.01
2024-10-21,AMZN,112.35
2024-10-22,AMZN,109.22
2024-10-23,AMZN,110.72
2024-10-24,AMZN,114.75
2024-10-25,AMZN,107.71
2024-10-28,AMZN,105.6
2024-10-29,AMZN,107.17
2024-10-30,AMZN,106.67
2024-10-31,AMZN,107.7
2024-11-01,AMZN,106.12
2024-11-04,AMZN,106.39
2024-11-05,AMZN,106.02
2024-11-06,AMZN,109.15
2024-11-07,AMZN,109.89
2024-11-08,AMZN,110.86
2024-11-11,AMZN,109.77
2024-11-12,AMZN,108.47
2024-11-13,AMZN,107.34
2024-11-14,AMZN,108.44
2024-11-15,AMZN,107.35
2024-11-18,AMZN,108.17
2024-11-19,AMZN,113.82
2024-11-20,AMZN,116.35
2024-11-21,AMZN,115.45
2024-11-22,AMZN,118.96
2024-11-25,AMZN,117.79
2024-11-26,AMZN,111.84
2024-11-27,AMZN,109.06
2024-11-28,AMZN,104.01
2024-11-29,AMZN,103.13
2024-12-02,AMZN,103.22
2024-12-03,AMZN,107.59
2024-12-04,AMZN,108.51
2024-12-05,AMZN,107.96
2024-12-06,AMZN,110.24
2024-12-09,AMZN,104.19
2024-12-10,AMZN,104.85
2024-12-11,AMZN,106.91
2024-12-12,AMZN,103.0
2024-12-13,AMZN,105.99
2024-12-16,AMZN,106.93
2024-12-17,AMZN,105.86
2024-12-18,AMZN,107.58
2024-12-19,AMZN,113.73
2024-12-20,AMZN,114.29
2024-12-23,AMZN,115.04
2024-12-24,AMZN,113.77
2024-12-25,AMZN,111.4
2024-12-26,AMZN,113.76
2024-12-27,AMZN,111.37
2024-12-30,AMZN,111.61
2024-12-31,AMZN,110.32
2025-01-01,AMZN,111.69
2025-01-02,AMZN,112.66
2025-01-03,AMZN,115.63
2025-01-06,AMZN,114.2
2025-01-07,AMZN,113.48
2025-01-08,AMZN,110.75
2025-01-09,AMZN,109.56
2025-01-10,AMZN,110.64
2025-01-13,AMZN,112.78
2025-01-14,AMZN,110.22
2025-01-15,AMZN,112.66
2025-01-16,AMZN,116.52
2025-01-17,AMZN,117.78
2025-01-20,AMZN,123.35
2025-01-21,AMZN,121.01
2025-01-22,AMZN,117.29
2025-01-23,AMZN,112.13
2025-01-24,AMZN,116.36
2025-01-27,AMZN,118.31
2025-01-28,AMZN,118.2
2025-01-29,AMZN,119.07
2025-01-30,AMZN,115.77
2025-01-31,AMZN,122.89
2025-02-03,AMZN,123.34
2025-02-04,AMZN,123.73
2025-02-05,AMZN,126.02
2025-02-06,AMZN,127.59
2025-02-07,AMZN,128.35
2025-02-10,AMZN,125.87
2025-02-11,AMZN,127.4
2025-02-12,AMZN,133.45
2025-02-13,AMZN,137.99
2025-02-14,AMZN,143.54
2025-02-17,AMZN,141.76
2025-02-18,AMZN,138.31
2025-02-19,AMZN,137.93
2025-02-20,AMZN,138.18
2025-02-21,AMZN,142.01
2025-02-24,AMZN,136.06
2025-02-25,AMZN,141.32
2025-02-26,AMZN,140.82
2025-02-27,AMZN,139.37
2025-02-28,AMZN,135.9
2025-03-03,AMZN,130.33
2025-03-04,AMZN,133.07
2025-03-05,AMZN,133.36
2025-03-06,AMZN,129.12
2025-03-07,AMZN,124.99
2025-03-10,AMZN,123.99
2025-03-11,AMZN,129.21
2025-03-12,AMZN,128.43
2025-03-13,AMZN,123.65
2025-03-14,AMZN,122.94
2025-03-17,AMZN,122.15
2025-03-18,AMZN,113.96
2025-03-19,AMZN,113.86
2025-03-20,AMZN,113.24
2025-03-21,AMZN,115.26
2025-03-24,AMZN,120.63
2025-03-25,AMZN,124.08
2025-03-26,AMZN,123.29
2025-03-27,AMZN,119.93
2025-03-28,AMZN,127.7
2025-03-31,AMZN,127.94
2025-04-01,AMZN,128.03
2025-04-02,AMZN,128.01
2025-04-03,AMZN,128.69
2025-04-04,AMZN,128.28
2025-04-07,AMZN,126.49
2025-04-08,AMZN,124.81
2025-04-09,AMZN,124.76
2025-04-10,AMZN,123.11
2025-04-11,AMZN,120.97
2025-04-14,AMZN,121.34
2025-04-15,AMZN,120.62
2025-04-16,AMZN,125.2
2025-04-17,AMZN,116.95
2025-04-18,AMZN,120.19
2025-04-21,AMZN,123.98
2025-04-22,AMZN,117.6
2025-04-23,AMZN,116.64
2025-04-24,AMZN,115.61
2025-04-25,AMZN,111.59
2025-04-28,AMZN,109.46
2025-04-29,AMZN,106.47
2025-04-30,AMZN,111.17
2025-05-01,AMZN,113.82
2025-05-02,AMZN,117.48
2025-05-05,AMZN,119.65
2025-05-06,AMZN,116.32
2025-05-07,AMZN,114.84
2025-05-08,AMZN,116.29
2025-05-09,AMZN,112.78
2025-05-12,AMZN,114.84
2025-05-13,AMZN,114.19
2025-05-14,AMZN,113.17
2025-05-15,AMZN,115.23
2025-05-16,AMZN,116.55
2025-05-19,AMZN,115.55
2025-05-20,AMZN,118.94
2025-05-21,AMZN,115.78
2025-05-22,AMZN,117.61
2025-05-23,AMZN,119.4
2025-05-26,AMZN,118.52
2025-05-27,AMZN,119.53
2025-05-28,AMZN,115.84
2025-05-29,AMZN,118.57
2025-05-30,AMZN,118.06
2025-06-02,AMZN,116.57
2025-06-03,AMZN,119.67
2025-06-04,AMZN,117.61
2025-06-05,AMZN,113.52
2025-06-06,AMZN,109.15
2025-06-09,AMZN,110.84
2025-06-10,AMZN,107.34
2025-06-11,AMZN,112.09
2025-06-12,AMZN,106.3
2025-06-13,AMZN,110.85
2025-06-16,AMZN,111.48
2025-06-17,AMZN,111.26
2025-06-18,AMZN,109.79
2025-06-19,AMZN,110.93
2025-06-20,AMZN,110.87
2025-06-23,AMZN,113.97
2025-06-24,AMZN,114.34
2025-06-25,AMZN,114.81
2025-06-26,AMZN,113.82
2025-06-27,AMZN,113.7
2025-06-30,AMZN,114.62
2025-07-01,AMZN,109.77
2025-07-02,AMZN,106.11
2025-07-03,AMZN,108.12
2025-07-04,AMZN,108.63
2025-07-07,AMZN,108.17
2025-07-08,AMZN,108.27
2025-07-09,AMZN,109.25
2025-07-10,AMZN,107.82
2025-07-11,AMZN,105.77
2025-07-14,AMZN,106.33
2025-07-15,AMZN,103.77
2025-07-16,AMZN,104.87
2025-07-17,AMZN,100.45
2025-07-18,AMZN,103.07
2025-07-21,AMZN,104.33
2025-07-22,AMZN,105.04
2025-07-23,AMZN,107.66
2025-07-24,AMZN,112.19
2025-07-25,AMZN,115.08
2025-07-28,AMZN,109.83
2025-07-29,AMZN,106.36
2025-07-30,AMZN,104.74
2025-07-31,AMZN,104.85
2025-08-01,AMZN,106.25
2025-08-04,AMZN,104.36
2025-08-05,AMZN,104.89
2025-08-06,AMZN,102.95
2025-08-07,AMZN,101.42
2025-08-08,AMZN,97.89
2025-08-11,AMZN,95.67
2025-08-12,AMZN,92.48
2025-08-13,AMZN,90.26
2025-08-14,AMZN,92.67
2025-08-15,AMZN,90.51
2025-08-18,AMZN,96.5
2025-08-19,AMZN,97.73
2025-08-20,AMZN,98.22
2025-08-21,AMZN,96.15
2025-08-22,AMZN,97.88
2025-08-25,AMZN,96.51
2025-08-26,AMZN,96.84
2025-08-27,AMZN,103.08
2025-08-28,AMZN,102.87
2025-08-29,AMZN,105.87
2025-09-01,AMZN,104.05
2025-09-02,AMZN,104.0
2025-09-03,AMZN,108.65
2025-09-04,AMZN,106.99
2025-09-05,AMZN,111.88
2025-09-08,AMZN,113.9
2025-09-09,AMZN,112.34
2025-09-10,AMZN,114.17
2025-09-11,AMZN,116.99
2025-09-12,AMZN,118.85
2025-09-15,AMZN,114.23
2025-09-16,AMZN,112.2
2025-09-17,AMZN,111.55
2025-09-18,AMZN,111.39
2025-09-19,AMZN,113.16
2024-09-23,TSLA,231.11
2024-09-24,TSLA,223.49
2024-09-25,TSLA,225.7
2024-09-26,TSLA,229.24
2024-09-27,TSLA,232.54
2024-09-30,TSLA,238.92
2024-10-01,TSLA,243.99
2024-10-02,TSLA,246.89
2024-10-03,TSLA,246.56
2024-10-04,TSLA,236.42
2024-10-07,TSLA,239.05
2024-10-08,TSLA,240.39
2024-10-09,TSLA,242.12
2024-10-10,TSLA,234.49
2024-10-11,TSLA,228.24
2024-10-14,TSLA,234.34
2024-10-15,TSLA,234.2
2024-10-16,TSLA,238.29
2024-10-17,TSLA,238.55
2024-10-18,TSLA,238.82
2024-10-21,TSLA,244.52
2024-10-22,TSLA,241.47
2024-10-23,TSLA,242.14
2024-10-24,TSLA,239.44
2024-10-25,TSLA,236.94
2024-10-28,TSLA,235.2
2024-10-29,TSLA,236.6
2024-10-30,TSLA,233.86
2024-10-31,TSLA,241.3
2024-11-01,TSLA,236.0
2024-11-04,TSLA,234.99
2024-11-05,TSLA,232.5
2024-11-06,TSLA,241.0
2024-11-07,TSLA,242.28
2024-11-08,TSLA,248.63
2024-11-11,TSLA,239.5
2024-11-12,TSLA,241.19
2024-11-13,TSLA,246.65
2024-11-14,TSLA,247.26
2024-11-15,TSLA,253.94
2024-11-18,TSLA,250.76
2024-11-19,TSLA,259.7
2024-11-20,TSLA,274.73
2024-11-21,TSLA,272.34
2024-11-22,TSLA,269.42
2024-11-25,TSLA,279.32
2024-11-26,TSLA,290.46
2024-11-27,TSLA,286.78
2024-11-28,TSLA,283.88
2024-11-29,TSLA,281.99
2024-12-02,TSLA,272.63
2024-12-03,TSLA,266.48
2024-12-04,TSLA,259.89
2024-12-05,TSLA,255.01
2024-12-06,TSLA,254.89
2024-12-09,TSLA,256.48
2024-12-10,TSLA,266.53
2024-12-11,TSLA,259.98
2024-12-12,TSLA,266.48
2024-12-13,TSLA,265.17
2024-12-16,TSLA,264.94
2024-12-17,TSLA,269.52
2024-12-18,TSLA,262.06
2024-12-19,TSLA,264.67
2024-12-20,TSLA,265.88
2024-12-23,TSLA,269.26
2024-12-24,TSLA,271.31
2024-12-25,TSLA,288.08
2024-12-26,TSLA,283.6
2024-12-27,TSLA,279.95
2024-12-30,TSLA,275.7
2024-12-31,TSLA,271.98
2025-01-01,TSLA,267.75
2025-01-02,TSLA,275.82
2025-01-03,TSLA,285.73
2025-01-06,TSLA,281.76
2025-01-07,TSLA,276.01
2025-01-08,TSLA,279.38
2025-01-09,TSLA,275.63
2025-01-10,TSLA,280.1
2025-01-13,TSLA,281.64
2025-01-14,TSLA,271.08
2025-01-15,TSLA,281.67
2025-01-16,TSLA,294.43
2025-01-17,TSLA,290.04
2025-01-20,TSLA,287.34
2025-01-21,TSLA,289.51
2025-01-22,TSLA,292.05
2025-01-23,TSLA,296.97
2025-01-24,TSLA,312.02
2025-01-27,TSLA,310.76
2025-01-28,TSLA,304.68
2025-01-29,TSLA,294.3
2025-01-30,TSLA,289.04
2025-01-31,TSLA,288.91
2025-02-03,TSLA,301.99
2025-02-04,TSLA,298.2
2025-02-05,TSLA,299.99
2025-02-06,TSLA,299.99
2025-02-07,TSLA,309.02
2025-02-10,TSLA,328.67
2025-02-11,TSLA,324.44
2025-02-12,TSLA,320.6
2025-02-13,TSLA,329.09
2025-02-14,TSLA,334.84
2025-02-17,TSLA,350.43
2025-02-18,TSLA,355.68
2025-02-19,TSLA,352.63
2025-02-20,TSLA,357.98
2025-02-21,TSLA,368.05
2025-02-24,TSLA,375.74
2025-02-25,TSLA,380.66
2025-02-26,TSLA,390.96
2025-02-27,TSLA,402.55
2025-02-28,TSLA,416.62
2025-03-03,TSLA,423.54
2025-03-04,TSLA,421.94
2025-03-05,TSLA,423.66
2025-03-06,TSLA,436.6
2025-03-07,TSLA,427.86
2025-03-10,TSLA,431.98
2025-03-11,TSLA,427.9
2025-03-12,TSLA,428.38
2025-03-13,TSLA,442.24
2025-03-14,TSLA,444.53
2025-03-17,TSLA,445.23
2025-03-18,TSLA,430.27
2025-03-19,TSLA,438.47
2025-03-20,TSLA,445.72
2025-03-21,TSLA,470.0
2025-03-24,TSLA,466.57
2025-03-25,TSLA,469.32
2025-03-26,TSLA,472.43
2025-03-27,TSLA,491.25
2025-03-28,TSLA,490.28
2025-03-31,TSLA,493.89
2025-04-01,TSLA,501.6
2025-04-02,TSLA,504.14
2025-04-03,TSLA,498.71
2025-04-04,TSLA,501.33
2025-04-07,TSLA,514.99
2025-04-08,TSLA,501.98
2025-04-09,TSLA,503.85
2025-04-10,TSLA,495.23
2025-04-11,TSLA,510.22
2025-04-14,TSLA,491.0
2025-04-15,TSLA,484.33
2025-04-16,TSLA,489.09
2025-04-17,TSLA,508.43
2025-04-18,TSLA,507.8
2025-04-21,TSLA,500.96
2025-04-22,TSLA,524.71
2025-04-23,TSLA,505.93
2025-04-24,TSLA,478.32
2025-04-25,TSLA,483.77
2025-04-28,TSLA,477.9
2025-04-29,TSLA,465.89
2025-04-30,TSLA,474.32
2025-05-01,TSLA,477.4
2025-05-02,TSLA,470.86
2025-05-05,TSLA,455.98
2025-05-06,TSLA,466.11
2025-05-07,TSLA,473.87
2025-05-08,TSLA,472.88
2025-05-09,TSLA,494.91
2025-05-12,TSLA,481.86
2025-05-13,TSLA,463.68
2025-05-14,TSLA,455.84
2025-05-15,TSLA,455.51
2025-05-16,TSLA,458.46
2025-05-19,TSLA,455.88
2025-05-20,TSLA,460.07
2025-05-21,TSLA,445.86
2025-05-22,TSLA,462.13
2025-05-23,TSLA,461.37
2025-05-26,TSLA,474.44
2025-05-27,TSLA,478.7
2025-05-28,TSLA,484.35
2025-05-29,TSLA,491.45
2025-05-30,TSLA,497.14
2025-06-02,TSLA,505.33
2025-06-03,TSLA,522.32
2025-06-04,TSLA,525.1
2025-06-05,TSLA,534.62
2025-06-06,TSLA,533.63
2025-06-09,TSLA,553.06
2025-06-10,TSLA,543.93
2025-06-11,TSLA,568.63
2025-06-12,TSLA,568.29
2025-06-13,TSLA,548.19
2025-06-16,TSLA,550.16
2025-06-17,TSLA,541.02
2025-06-18,TSLA,552.6
2025-06-19,TSLA,543.81
2025-06-20,TSLA,537.96
2025-06-23,TSLA,512.76
2025-06-24,TSLA,507.17
2025-06-25,TSLA,476.64
2025-06-26,TSLA,457.96
2025-06-27,TSLA,466.85
2025-06-30,TSLA,476.2
2025-07-01,TSLA,481.46
2025-07-02,TSLA,470.01
2025-07-03,TSLA,469.64
2025-07-04,TSLA,469.79
2025-07-07,TSLA,456.37
2025-07-08,TSLA,473.7
2025-07-09,TSLA,484.28
2025-07-10,TSLA,481.8
2025-07-11,TSLA,482.32
2025-07-14,TSLA,485.02
2025-07-15,TSLA,460.46
2025-07-16,TSLA,457.8
2025-07-17,TSLA,450.18
2025-07-18,TSLA,439.09
2025-07-21,TSLA,436.18
2025-07-22,TSLA,455.95
2025-07-23,TSLA,463.44
2025-07-24,TSLA,457.01
2025-07-25,TSLA,463.73
2025-07-28,TSLA,480.14
2025-07-29,TSLA,491.43
2025-07-30,TSLA,492.36
2025-07-31,TSLA,484.59
2025-08-01,TSLA,493.25
2025-08-04,TSLA,498.3
2025-08-05,TSLA,509.65
2025-08-06,TSLA,517.94
2025-08-07,TSLA,531.74
2025-08-08,TSLA,524.84
2025-08-11,TSLA,542.33
2025-08-12,TSLA,545.23
2025-08-13,TSLA,573.74
2025-08-14,TSLA,564.08
2025-08-15,TSLA,588.79
2025-08-18,TSLA,591.94
2025-08-19,TSLA,582.53
2025-08-20,TSLA,575.72
2025-08-21,TSLA,571.34
2025-08-22,TSLA,577.63
2025-08-25,TSLA,585.41
2025-08-26,TSLA,577.24
2025-08-27,TSLA,577.12
2025-08-28,TSLA,608.26
2025-08-29,TSLA,634.78
2025-09-01,TSLA,641.95
2025-09-02,TSLA,642.82
2025-09-03,TSLA,645.01
2025-09-04,TSLA,655.16
2025-09-05,TSLA,638.67
2025-09-08,TSLA,634.81
2025-09-09,TSLA,608.59
2025-09-10,TSLA,614.9
2025-09-11,TSLA,625.1
2025-09-12,TSLA,617.8
2025-09-15,TSLA,642.36
2025-09-16,TSLA,622.93
2025-09-17,TSLA,600.37
2025-09-18,TSLA,603.98
2025-09-19,TSLA,620.03
2024-09-23,NVDA,437.85
2024-09-24,NVDA,433.0
2024-09-25,NVDA,444.85
2024-09-26,NVDA,444.6
2024-09-27,NVDA,442.86
2024-09-30,NVDA,452.82
2024-10-01,NVDA,460.39
2024-10-02,NVDA,442.43
2024-10-03,NVDA,458.94
2024-10-04,NVDA,474.95
2024-10-07,NVDA,467.72
2024-10-08,NVDA,472.53
2024-10-09,NVDA,478.56
2024-10-10,NVDA,481.87
2024-10-11,NVDA,475.43
2024-10-14,NVDA,467.64
2024-10-15,NVDA,467.52
2024-10-16,NVDA,481.42
2024-10-17,NVDA,488.15
2024-10-18,NVDA,483.83
2024-10-21,NVDA,493.35
2024-10-22,NVDA,458.42
2024-10-23,NVDA,471.77
2024-10-24,NVDA,451.44
2024-10-25,NVDA,447.53
2024-10-28,NVDA,435.18
2024-10-29,NVDA,421.27
2024-10-30,NVDA,433.66
2024-10-31,NVDA,428.76
2024-11-01,NVDA,432.65
2024-11-04,NVDA,432.32
2024-11-05,NVDA,437.64
2024-11-06,NVDA,438.66
2024-11-07,NVDA,424.77
2024-11-08,NVDA,435.51
2024-11-11,NVDA,430.31
2024-11-12,NVDA,413.74
2024-11-13,NVDA,409.48
2024-11-14,NVDA,425.0
2024-11-15,NVDA,434.21
2024-11-18,NVDA,430.6
2024-11-19,NVDA,427.01
2024-11-20,NVDA,423.75
2024-11-21,NVDA,445.92
2024-11-22,NVDA,450.35
2024-11-25,NVDA,455.37
2024-11-26,NVDA,467.29
2024-11-27,NVDA,470.26
2024-11-28,NVDA,467.4
2024-11-29,NVDA,465.3
2024-12-02,NVDA,464.65
2024-12-03,NVDA,464.4
2024-12-04,NVDA,473.04
2024-12-05,NVDA,473.84
2024-12-06,NVDA,482.71
2024-12-09,NVDA,481.93
2024-12-10,NVDA,483.07
2024-12-11,NVDA,459.13
2024-12-12,NVDA,469.83
2024-12-13,NVDA,474.09
2024-12-16,NVDA,486.11
2024-12-17,NVDA,451.11
2024-12-18,NVDA,474.84
2024-12-19,NVDA,473.37
2024-12-20,NVDA,486.67
2024-12-23,NVDA,474.22
2024-12-24,NVDA,481.67
2024-12-25,NVDA,469.18
2024-12-26,NVDA,462.05
2024-12-27,NVDA,484.34
2024-12-30,NVDA,482.23
2024-12-31,NVDA,485.04
2025-01-01,NVDA,495.79
2025-01-02,NVDA,502.13
2025-01-03,NVDA,504.22
2025-01-06,NVDA,509.02
2025-01-07,NVDA,539.81
2025-01-08,NVDA,539.25
2025-01-09,NVDA,542.17
2025-01-10,NVDA,556.63
2025-01-13,NVDA,572.24
2025-01-14,NVDA,589.45
2025-01-15,NVDA,599.1
2025-01-16,NVDA,582.22
2025-01-17,NVDA,606.23
2025-01-20,NVDA,589.1
2025-01-21,NVDA,593.79
2025-01-22,NVDA,582.83
2025-01-23,NVDA,582.13
2025-01-24,NVDA,587.14
2025-01-27,NVDA,592.1
2025-01-28,NVDA,598.58
2025-01-29,NVDA,622.97
2025-01-30,NVDA,630.28
2025-01-31,NVDA,626.68
2025-02-03,NVDA,642.04
2025-02-04,NVDA,661.39
2025-02-05,NVDA,641.35
2025-02-06,NVDA,651.19
2025-02-07,NVDA,662.87
2025-02-10,NVDA,658.2
2025-02-11,NVDA,681.1
2025-02-12,NVDA,678.82
2025-02-13,NVDA,681.22
2025-02-14,NVDA,678.54
2025-02-17,NVDA,679.08
2025-02-18,NVDA,660.74
2025-02-19,NVDA,637.22
2025-02-20,NVDA,662.87
2025-02-21,NVDA,649.1
2025-02-24,NVDA,633.27
2025-02-25,NVDA,599.44
2025-02-26,NVDA,590.1
2025-02-27,NVDA,570.82
2025-02-28,NVDA,594.48
2025-03-03,NVDA,609.72
2025-03-04,NVDA,599.48
2025-03-05,NVDA,633.47
2025-03-06,NVDA,649.28
2025-03-07,NVDA,644.26
2025-03-10,NVDA,604.26
2025-03-11,NVDA,639.11
2025-03-12,NVDA,617.17
2025-03-13,NVDA,592.03
2025-03-14,NVDA,607.4
2025-03-17,NVDA,644.69
2025-03-18,NVDA,667.26
2025-03-19,NVDA,676.93
2025-03-20,NVDA,687.27
2025-03-21,NVDA,702.21
2025-03-24,NVDA,715.81
2025-03-25,NVDA,721.13
2025-03-26,NVDA,723.29
2025-03-27,NVDA,722.45
2025-03-28,NVDA,709.12
2025-03-31,NVDA,704.43
2025-04-01,NVDA,674.9
2025-04-02,NVDA,673.51
2025-04-03,NVDA,657.13
2025-04-04,NVDA,639.27
2025-04-07,NVDA,642.4
2025-04-08,NVDA,665.01
2025-04-09,NVDA,680.54
2025-04-10,NVDA,654.09
2025-04-11,NVDA,638.17
2025-04-14,NVDA,653.44
2025-04-15,NVDA,637.65
2025-04-16,NVDA,634.32
2025-04-17,NVDA,643.3
2025-04-18,NVDA,627.98
2025-04-21,NVDA,629.89
2025-04-22,NVDA,609.13
2025-04-23,NVDA,600.22
2025-04-24,NVDA,605.26
2025-04-25,NVDA,581.4
2025-04-28,NVDA,588.03
2025-04-29,NVDA,587.98
2025-04-30,NVDA,596.33
2025-05-01,NVDA,599.91
2025-05-02,NVDA,620.61
2025-05-05,NVDA,622.8
2025-05-06,NVDA,616.36
2025-05-07,NVDA,618.5
2025-05-08,NVDA,627.14
2025-05-09,NVDA,628.16
2025-05-12,NVDA,629.05
2025-05-13,NVDA,618.26
2025-05-14,NVDA,608.26
2025-05-15,NVDA,587.18
2025-05-16,NVDA,613.09
2025-05-19,NVDA,594.27
2025-05-20,NVDA,584.22
2025-05-21,NVDA,573.96
2025-05-22,NVDA,587.03
2025-05-23,NVDA,582.94
2025-05-26,NVDA,601.35
2025-05-27,NVDA,591.47
2025-05-28,NVDA,595.83
2025-05-29,NVDA,583.63
2025-05-30,NVDA,615.16
2025-06-02,NVDA,597.14
2025-06-03,NVDA,602.0
2025-06-04,NVDA,611.78
2025-06-05,NVDA,618.36
2025-06-06,NVDA,615.74
2025-06-09,NVDA,613.99
2025-06-10,NVDA,614.91
2025-06-11,NVDA,612.89
2025-06-12,NVDA,627.91
2025-06-13,NVDA,662.86
2025-06-16,NVDA,653.88
2025-06-17,NVDA,631.75
2025-06-18,NVDA,630.61
2025-06-19,NVDA,671.53
2025-06-20,NVDA,658.31
2025-06-23,NVDA,685.55
2025-06-24,NVDA,714.58
2025-06-25,NVDA,704.97
2025-06-26,NVDA,715.28
2025-06-27,NVDA,744.69
2025-06-30,NVDA,737.93
2025-07-01,NVDA,734.47
2025-07-02,NVDA,724.08
2025-07-03,NVDA,706.0
2025-07-04,NVDA,694.82
2025-07-07,NVDA,673.84
2025-07-08,NVDA,674.69
2025-07-09,NVDA,661.97
2025-07-10,NVDA,666.1
2025-07-11,NVDA,640.46
2025-07-14,NVDA,646.01
2025-07-15,NVDA,659.73
2025-07-16,NVDA,627.11
2025-07-17,NVDA,633.23
2025-07-18,NVDA,652.92
2025-07-21,NVDA,633.43
2025-07-22,NVDA,660.17
2025-07-23,NVDA,667.35
2025-07-24,NVDA,655.86
2025-07-25,NVDA,655.21
2025-07-28,NVDA,664.61
2025-07-29,NVDA,666.14
2025-07-30,NVDA,675.38
2025-07-31,NVDA,660.11
2025-08-01,NVDA,663.16
2025-08-04,NVDA,639.99
2025-08-05,NVDA,638.47
2025-08-06,NVDA,624.3
2025-08-07,NVDA,613.07
2025-08-08,NVDA,632.26
2025-08-11,NVDA,649.76
2025-08-12,NVDA,659.91
2025-08-13,NVDA,642.16
2025-08-14,NVDA,637.33
2025-08-15,NVDA,656.92
2025-08-18,NVDA,659.51
2025-08-19,NVDA,698.01
2025-08-20,NVDA,705.15
2025-08-21,NVDA,708.82
2025-08-22,NVDA,703.63
2025-08-25,NVDA,706.26
2025-08-26,NVDA,703.85
2025-08-27,NVDA,716.59
2025-08-28,NVDA,734.02
2025-08-29,NVDA,719.89
2025-09-01,NVDA,696.22
2025-09-02,NVDA,664.53
2025-09-03,NVDA,673.24
2025-09-04,NVDA,654.94
2025-09-05,NVDA,619.95
2025-09-08,NVDA,626.22
2025-09-09,NVDA,665.5
2025-09-10,NVDA,665.67
2025-09-11,NVDA,679.89
2025-09-12,NVDA,681.55
2025-09-15,NVDA,680.14
2025-09-16,NVDA,696.04
2025-09-17,NVDA,691.26
2025-09-18,NVDA,696.16
2025-09-19,NVDA,702.04
2024-09-23,JPM,132.8
2024-09-24,JPM,136.15
2024-09-25,JPM,135.6
2024-09-26,JPM,133.1
2024-09-27,JPM,134.94
2024-09-30,JPM,131.96
2024-10-01,JPM,132.1
2024-10-02,JPM,132.13
2024-10-03,JPM,135.77
2024-10-04,JPM,137.43
2024-10-07,JPM,137.4
2024-10-08,JPM,140.27
2024-10-09,JPM,145.2
2024-10-10,JPM,147.28
2024-10-11,JPM,147.38
2024-10-14,JPM,142.6
2024-10-15,JPM,138.86
2024-10-16,JPM,137.86
2024-10-17,JPM,135.81
2024-10-18,JPM,135.23
2024-10-21,JPM,135.48
2024-10-22,JPM,137.33
2024-10-23,JPM,137.14
2024-10-24,JPM,138.86
2024-10-25,JPM,139.14
2024-10-28,JPM,132.32
2024-10-29,JPM,129.27
2024-10-30,JPM,128.86
2024-10-31,JPM,125.01
2024-11-01,JPM,126.94
2024-11-04,JPM,131.84
2024-11-05,JPM,135.91
2024-11-06,JPM,135.24
2024-11-07,JPM,140.34
2024-11-08,JPM,140.92
2024-11-11,JPM,139.78
2024-11-12,JPM,137.7
2024-11-13,JPM,136.71
2024-11-14,JPM,135.44
2024-11-15,JPM,136.07
2024-11-18,JPM,136.67
2024-11-19,JPM,136.74
2024-11-20,JPM,138.28
2024-11-21,JPM,142.45
2024-11-22,JPM,145.89
2024-11-25,JPM,140.54
2024-11-26,JPM,131.62
2024-11-27,JPM,134.75
2024-11-28,JPM,130.2
2024-11-29,JPM,129.52
2024-12-02,JPM,125.78
2024-12-03,JPM,120.16
2024-12-04,JPM,121.84
2024-12-05,JPM,124.2
2024-12-06,JPM,122.46
2024-12-09,JPM,114.58
2024-12-10,JPM,113.06
2024-12-11,JPM,114.21
2024-12-12,JPM,110.03
2024-12-13,JPM,110.58
2024-12-16,JPM,110.58
2024-12-17,JPM,112.23
2024-12-18,JPM,112.61
2024-12-19,JPM,109.91
2024-12-20,JPM,113.25
2024-12-23,JPM,112.84
2024-12-24,JPM,112.81
2024-12-25,JPM,110.22
2024-12-26,JPM,109.05
2024-12-27,JPM,106.68
2024-12-30,JPM,106.26
2024-12-31,JPM,110.85
2025-01-01,JPM,107.09
2025-01-02,JPM,102.81
2025-01-03,JPM,106.64
2025-01-06,JPM,106.12
2025-01-07,JPM,104.39
2025-01-08,JPM,107.14
2025-01-09,JPM,105.57
2025-01-10,JPM,110.43
2025-01-13,JPM,112.34
2025-01-14,JPM,111.02
2025-01-15,JPM,117.05
2025-01-16,JPM,115.32
2025-01-17,JPM,117.51
2025-01-20,JPM,118.43
2025-01-21,JPM,122.34
2025-01-22,JPM,127.16
2025-01-23,JPM,127.31
2025-01-24,JPM,124.97
2025-01-27,JPM,126.45
2025-01-28,JPM,124.36
2025-01-29,JPM,130.67
2025-01-30,JPM,131.17
2025-01-31,JPM,130.02
2025-02-03,JPM,130.68
2025-02-04,JPM,126.33
2025-02-05,JPM,123.31
2025-02-06,JPM,127.06
2025-02-07,JPM,125.02
2025-02-10,JPM,121.8
2025-02-11,JPM,123.48
2025-02-12,JPM,127.19
2025-02-13,JPM,129.53
2025-02-14,JPM,132.81
2025-02-17,JPM,130.35
2025-02-18,JPM,125.77
2025-02-19,JPM,130.54
2025-02-20,JPM,129.54
2025-02-21,JPM,128.78
2025-02-24,JPM,133.1
2025-02-25,JPM,135.01
2025-02-26,JPM,136.6
2025-02-27,JPM,144.05
2025-02-28,JPM,141.79
2025-03-03,JPM,145.14
2025-03-04,JPM,145.4
2025-03-05,JPM,146.44
2025-03-06,JPM,152.09
2025-03-07,JPM,154.08
2025-03-10,JPM,156.22
2025-03-11,JPM,160.47
2025-03-12,JPM,159.07
2025-03-13,JPM,155.79
2025-03-14,JPM,151.79
2025-03-17,JPM,144.39
2025-03-18,JPM,151.87
2025-03-19,JPM,147.74
2025-03-20,JPM,146.98
2025-03-21,JPM,146.02
2025-03-24,JPM,147.2
2025-03-25,JPM,150.26
2025-03-26,JPM,153.56
2025-03-27,JPM,151.38
2025-03-28,JPM,150.81
2025-03-31,JPM,151.93
2025-04-01,JPM,151.05
2025-04-02,JPM,157.18
2025-04-03,JPM,159.17
2025-04-04,JPM,162.16
2025-04-07,JPM,164.91
2025-04-08,JPM,169.81
2025-04-09,JPM,170.65
2025-04-10,JPM,165.19
2025-04-11,JPM,166.9
2025-04-14,JPM,164.25
2025-04-15,JPM,162.15
2025-04-16,JPM,164.59
2025-04-17,JPM,169.75
2025-04-18,JPM,169.91
2025-04-21,JPM,171.29
2025-04-22,JPM,178.65
2025-04-23,JPM,179.79
2025-04-24,JPM,191.56
2025-04-25,JPM,194.34
2025-04-28,JPM,185.87
2025-04-29,JPM,189.44
2025-04-30,JPM,191.32
2025-05-01,JPM,197.57
2025-05-02,JPM,200.97
2025-05-05,JPM,200.36
2025-05-06,JPM,194.3
2025-05-07,JPM,193.37
2025-05-08,JPM,189.33
2025-05-09,JPM,186.66
2025-05-12,JPM,189.48
2025-05-13,JPM,197.47
2025-05-14,JPM,199.5
2025-05-15,JPM,193.61
2025-05-16,JPM,195.84
2025-05-19,JPM,201.78
2025-05-20,JPM,198.78
2025-05-21,JPM,198.2
2025-05-22,JPM,198.35
2025-05-23,JPM,194.53
2025-05-26,JPM,197.77
2025-05-27,JPM,197.25
2025-05-28,JPM,199.39
2025-05-29,JPM,195.05
2025-05-30,JPM,192.99
2025-06-02,JPM,196.56
2025-06-03,JPM,194.8
2025-06-04,JPM,203.29
2025-06-05,JPM,201.34
2025-06-06,JPM,202.55
2025-06-09,JPM,207.36
2025-06-10,JPM,200.09
2025-06-11,JPM,191.36
2025-06-12,JPM,184.14
2025-06-13,JPM,190.02
2025-06-16,JPM,187.48
2025-06-17,JPM,199.54
2025-06-18,JPM,196.81
2025-06-19,JPM,197.79
2025-06-20,JPM,205.5
2025-06-23,JPM,215.89
2025-06-24,JPM,227.1
2025-06-25,JPM,234.05
2025-06-26,JPM,240.14
2025-06-27,JPM,243.79
2025-06-30,JPM,248.63
2025-07-01,JPM,245.31
2025-07-02,JPM,240.39
2025-07-03,JPM,240.46
2025-07-04,JPM,239.54
2025-07-07,JPM,236.92
2025-07-08,JPM,241.14
2025-07-09,JPM,246.99
2025-07-10,JPM,247.64
2025-07-11,JPM,256.88
2025-07-14,JPM,249.65
2025-07-15,JPM,248.54
2025-07-16,JPM,244.19
2025-07-17,JPM,232.89
2025-07-18,JPM,232.5
2025-07-21,JPM,231.89
2025-07-22,JPM,240.76
2025-07-23,JPM,244.65
2025-07-24,JPM,238.48
2025-07-25,JPM,249.63
2025-07-28,JPM,257.35
2025-07-29,JPM,261.2
2025-07-30,JPM,259.83
2025-07-31,JPM,253.7
2025-08-01,JPM,251.44
2025-08-04,JPM,258.38
2025-08-05,JPM,270.66
2025-08-06,JPM,281.21
2025-08-07,JPM,277.89
2025-08-08,JPM,270.22
2025-08-11,JPM,271.28
2025-08-12,JPM,259.39
2025-08-13,JPM,261.59
2025-08-14,JPM,260.73
2025-08-15,JPM,257.8
2025-08-18,JPM,247.63
2025-08-19,JPM,250.9
2025-08-20,JPM,247.66
2025-08-21,JPM,240.52
2025-08-22,JPM,223.34
2025-08-25,JPM,223.28
2025-08-26,JPM,233.26
2025-08-27,JPM,243.04
2025-08-28,JPM,240.36
2025-08-29,JPM,236.84
2025-09-01,JPM,239.71
2025-09-02,JPM,233.82
2025-09-03,JPM,235.68
2025-09-04,JPM,240.29
2025-09-05,JPM,247.76
2025-09-08,JPM,247.23
2025-09-09,JPM,246.07
2025-09-10,JPM,240.77
2025-09-11,JPM,235.89
2025-09-12,JPM,234.65
2025-09-15,JPM,236.9
2025-09-16,JPM,242.4
2025-09-17,JPM,237.63
2025-09-18,JPM,246.6
2025-09-19,JPM,245.02
2024-09-23,V,224.97
2024-09-24,V,220.86
2024-09-25,V,207.56
2024-09-26,V,212.23
2024-09-27,V,216.23
2024-09-30,V,214.79
2024-10-01,V,215.24
2024-10-02,V,218.1
2024-10-03,V,209.67
2024-10-04,V,206.98
2024-10-07,V,211.17
2024-10-08,V,204.63
2024-10-09,V,206.22
2024-10-10,V,199.3
2024-10-11,V,201.71
2024-10-14,V,201.61
2024-10-15,V,193.55
2024-10-16,V,199.26
2024-10-17,V,195.68
2024-10-18,V,191.8
2024-10-21,V,192.84
2024-10-22,V,198.45
2024-10-23,V,193.49
2024-10-24,V,193.87
2024-10-25,V,196.02
2024-10-28,V,199.5
2024-10-29,V,200.46
2024-10-30,V,198.7
2024-10-31,V,194.67
2024-11-01,V,195.16
2024-11-04,V,190.01
2024-11-05,V,176.21
2024-11-06,V,178.2
2024-11-07,V,182.3
2024-11-08,V,171.6
2024-11-11,V,167.34
2024-11-12,V,170.0
2024-11-13,V,178.81
2024-11-14,V,178.98
2024-11-15,V,175.79
2024-11-18,V,175.06
2024-11-19,V,181.14
2024-11-20,V,178.29
2024-11-21,V,174.8
2024-11-22,V,172.76
2024-11-25,V,168.71
2024-11-26,V,169.3
2024-11-27,V,176.24
2024-11-28,V,177.73
2024-11-29,V,176.68
2024-12-02,V,175.47
2024-12-03,V,168.68
2024-12-04,V,172.47
2024-12-05,V,172.2
2024-12-06,V,171.5
2024-12-09,V,185.25
2024-12-10,V,186.71
2024-12-11,V,183.28
2024-12-12,V,181.4
2024-12-13,V,186.68
2024-12-16,V,187.28
2024-12-17,V,180.62
2024-12-18,V,184.85
2024-12-19,V,181.83
2024-12-20,V,190.42
2024-12-23,V,195.64
2024-12-24,V,193.53
2024-12-25,V,199.8
2024-12-26,V,200.22
2024-12-27,V,204.57
2024-12-30,V,207.13
2024-12-31,V,202.83
2025-01-01,V,199.65
2025-01-02,V,204.87
2025-01-03,V,203.24
2025-01-06,V,201.27
2025-01-07,V,196.54
2025-01-08,V,198.7
2025-01-09,V,209.03
2025-01-10,V,203.53
2025-01-13,V,203.74
2025-01-14,V,211.01
2025-01-15,V,210.68
2025-01-16,V,213.14
2025-01-17,V,207.57
2025-01-20,V,209.87
2025-01-21,V,208.98
2025-01-22,V,214.21
2025-01-23,V,220.65
2025-01-24,V,235.03
2025-01-27,V,238.53
2025-01-28,V,240.56
2025-01-29,V,241.83
2025-01-30,V,239.79
2025-01-31,V,241.92
2025-02-03,V,240.23
2025-02-04,V,241.33
2025-02-05,V,249.38
2025-02-06,V,243.2
2025-02-07,V,250.23
2025-02-10,V,258.57
2025-02-11,V,257.91
2025-02-12,V,244.33
2025-02-13,V,240.72
2025-02-14,V,248.62
2025-02-17,V,248.58
2025-02-18,V,242.47
2025-02-19,V,239.5
2025-02-20,V,244.63
2025-02-21,V,248.08
2025-02-24,V,246.69
2025-02-25,V,244.53
2025-02-26,V,242.23
2025-02-27,V,236.74
2025-02-28,V,246.4
2025-03-03,V,244.51
2025-03-04,V,252.05
2025-03-05,V,261.74
2025-03-06,V,268.37
2025-03-07,V,265.59
2025-03-10,V,268.37
2025-03-11,V,268.32
2025-03-12,V,262.36
2025-03-13,V,264.59
2025-03-14,V,256.9
2025-03-17,V,264.63
2025-03-18,V,261.66
2025-03-19,V,263.08
2025-03-20,V,265.05
2025-03-21,V,263.44
2025-03-24,V,267.41
2025-03-25,V,264.34
2025-03-26,V,270.21
2025-03-27,V,261.22
2025-03-28,V,262.15
2025-03-31,V,274.97
2025-04-01,V,268.2
2025-04-02,V,263.76
2025-04-03,V,267.26
2025-04-04,V,268.56
2025-04-07,V,271.03
2025-04-08,V,274.45
2025-04-09,V,278.91
2025-04-10,V,286.76
2025-04-11,V,289.82
2025-04-14,V,288.18
2025-04-15,V,293.14
2025-04-16,V,307.19
2025-04-17,V,306.29
2025-04-18,V,298.95
2025-04-21,V,307.34
2025-04-22,V,306.54
2025-04-23,V,290.01
2025-04-24,V,296.27
2025-04-25,V,292.43
2025-04-28,V,291.88
2025-04-29,V,294.42
2025-04-30,V,295.94
2025-05-01,V,301.31
2025-05-02,V,298.15
2025-05-05,V,302.09
2025-05-06,V,300.25
2025-05-07,V,305.92
2025-05-08,V,310.75
2025-05-09,V,303.6
2025-05-12,V,311.97
2025-05-13,V,307.91
2025-05-14,V,314.26
2025-05-15,V,317.27
2025-05-16,V,331.98
2025-05-19,V,330.25
2025-05-20,V,327.5
2025-05-21,V,327.47
2025-05-22,V,325.12
2025-05-23,V,331.75
2025-05-26,V,318.48
2025-05-27,V,310.22
2025-05-28,V,302.06
2025-05-29,V,309.36
2025-05-30,V,322.71
2025-06-02,V,322.0
2025-06-03,V,320.77
2025-06-04,V,321.46
2025-06-05,V,330.93
2025-06-06,V,323.39
2025-06-09,V,325.44
2025-06-10,V,333.51
2025-06-11,V,337.82
2025-06-12,V,339.55
2025-06-13,V,348.19
2025-06-16,V,324.8
2025-06-17,V,330.43
2025-06-18,V,325.16
2025-06-19,V,310.41
2025-06-20,V,314.5
2025-06-23,V,325.43
2025-06-24,V,324.44
2025-06-25,V,332.3
2025-06-26,V,345.82
2025-06-27,V,357.33
2025-06-30,V,372.12
2025-07-01,V,379.18
2025-07-02,V,380.04
2025-07-03,V,364.97
2025-07-04,V,362.87
2025-07-07,V,355.37
2025-07-08,V,374.8
2025-07-09,V,373.3
2025-07-10,V,374.6
2025-07-11,V,379.91
2025-07-14,V,380.48
2025-07-15,V,396.76
2025-07-16,V,390.74
2025-07-17,V,392.8
2025-07-18,V,385.66
2025-07-21,V,373.09
2025-07-22,V,367.53
2025-07-23,V,367.34
2025-07-24,V,363.54
2025-07-25,V,357.4
2025-07-28,V,344.97
2025-07-29,V,344.4
2025-07-30,V,331.58
2025-07-31,V,338.01
2025-08-01,V,338.84
2025-08-04,V,326.63
2025-08-05,V,324.24
2025-08-06,V,318.27
2025-08-07,V,320.94
2025-08-08,V,331.82
2025-08-11,V,316.4
2025-08-12,V,317.43
2025-08-13,V,316.29
2025-08-14,V,321.72
2025-08-15,V,323.57
2025-08-18,V,317.61
2025-08-19,V,315.21
2025-08-20,V,309.06
2025-08-21,V,317.5
2025-08-22,V,317.8
2025-08-25,V,333.03
2025-08-26,V,332.66
2025-08-27,V,326.9
2025-08-28,V,314.66
2025-08-29,V,300.6
2025-09-01,V,288.81
2025-09-02,V,290.86
2025-09-03,V,294.67
2025-09-04,V,283.14
2025-09-05,V,289.59
2025-09-08,V,286.21
2025-09-09,V,287.38
2025-09-10,V,299.07
2025-09-11,V,305.9
2025-09-12,V,303.97
2025-09-15,V,297.32
2025-09-16,V,281.44
2025-09-17,V,276.49
2025-09-18,V,275.14
2025-09-19,V,268.46
2024-09-23,TCS.NS,3193.72
2024-09-24,TCS.NS,3199.42
2024-09-25,TCS.NS,3187.75
2024-09-26,TCS.NS,3151.72
2024-09-27,TCS.NS,3162.55
2024-09-30,TCS.NS,3188.98
2024-10-01,TCS.NS,3127.66
2024-10-02,TCS.NS,3208.34
2024-10-03,TCS.NS,3203.93
2024-10-04,TCS.NS,3206.3
2024-10-07,TCS.NS,3248.46
2024-10-08,TCS.NS,3263.39
2024-10-09,TCS.NS,3320.69
2024-10-10,TCS.NS,3339.18
2024-10-11,TCS.NS,3303.7
2024-10-14,TCS.NS,3326.52
2024-10-15,TCS.NS,3259.37
2024-10-16,TCS.NS,3267.04
2024-10-17,TCS.NS,3266.4
2024-10-18,TCS.NS,3255.47
2024-10-21,TCS.NS,3249.24
2024-10-22,TCS.NS,3140.47
2024-10-23,TCS.NS,3110.71
2024-10-24,TCS.NS,3117.15
2024-10-25,TCS.NS,3127.37
2024-10-28,TCS.NS,3070.77
2024-10-29,TCS.NS,3141.96
2024-10-30,TCS.NS,3094.23
2024-10-31,TCS.NS,3149.46
2024-11-01,TCS.NS,3174.94
2024-11-04,TCS.NS,3139.28
2024-11-05,TCS.NS,3240.85
2024-11-06,TCS.NS,3172.52
2024-11-07,TCS.NS,3226.27
2024-11-08,TCS.NS,3285.67
2024-11-11,TCS.NS,3247.32
2024-11-12,TCS.NS,3330.01
2024-11-13,TCS.NS,3316.36
2024-11-14,TCS.NS,3334.92
2024-11-15,TCS.NS,3351.88
2024-11-18,TCS.NS,3345.12
2024-11-19,TCS.NS,3395.28
2024-11-20,TCS.NS,3445.13
2024-11-21,TCS.NS,3338.08
2024-11-22,TCS.NS,3417.78
2024-11-25,TCS.NS,3316.87
2024-11-26,TCS.NS,3379.85
2024-11-27,TCS.NS,3449.74
2024-11-28,TCS.NS,3383.38
2024-11-29,TCS.NS,3359.71
2024-12-02,TCS.NS,3294.19
2024-12-03,TCS.NS,3282.76
2024-12-04,TCS.NS,3265.88
2024-12-05,TCS.NS,3313.02
2024-12-06,TCS.NS,3392.48
2024-12-09,TCS.NS,3479.06
2024-12-10,TCS.NS,3445.25
2024-12-11,TCS.NS,3433.65
2024-12-12,TCS.NS,3330.98
2024-12-13,TCS.NS,3284.0
2024-12-16,TCS.NS,3342.34
2024-12-17,TCS.NS,3440.88
2024-12-18,TCS.NS,3365.8
2024-12-19,TCS.NS,3331.26
2024-12-20,TCS.NS,3331.0
2024-12-23,TCS.NS,3349.13
2024-12-24,TCS.NS,3301.67
2024-12-25,TCS.NS,3328.19
2024-12-26,TCS.NS,3301.14
2024-12-27,TCS.NS,3301.6
2024-12-30,TCS.NS,3335.38
2024-12-31,TCS.NS,3337.1
2025-01-01,TCS.NS,3312.22
2025-01-02,TCS.NS,3307.01
2025-01-03,TCS.NS,3303.08
2025-01-06,TCS.NS,3282.4
2025-01-07,TCS.NS,3268.42
2025-01-08,TCS.NS,3363.78
2025-01-09,TCS.NS,3399.09
2025-01-10,TCS.NS,3382.37
2025-01-13,TCS.NS,3426.15
2025-01-14,TCS.NS,3406.94
2025-01-15,TCS.NS,3480.24
2025-01-16,TCS.NS,3504.79
2025-01-17,TCS.NS,3499.42
2025-01-20,TCS.NS,3529.02
2025-01-21,TCS.NS,3430.65
2025-01-22,TCS.NS,3362.44
2025-01-23,TCS.NS,3291.53
2025-01-24,TCS.NS,3301.31
2025-01-27,TCS.NS,3405.59
2025-01-28,TCS.NS,3543.73
2025-01-29,TCS.NS,3585.84
2025-01-30,TCS.NS,3619.61
2025-01-31,TCS.NS,3503.71
2025-02-03,TCS.NS,3470.89
2025-02-04,TCS.NS,3423.06
2025-02-05,TCS.NS,3386.17
2025-02-06,TCS.NS,3377.28
2025-02-07,TCS.NS,3349.93
2025-02-10,TCS.NS,3231.92
2025-02-11,TCS.NS,3276.72
2025-02-12,TCS.NS,3214.76
2025-02-13,TCS.NS,3229.89
2025-02-14,TCS.NS,3351.77
2025-02-17,TCS.NS,3297.64
2025-02-18,TCS.NS,3148.77
2025-02-19,TCS.NS,3133.82
2025-02-20,TCS.NS,3197.17
2025-02-21,TCS.NS,3311.15
2025-02-24,TCS.NS,3239.2
2025-02-25,TCS.NS,3269.45
2025-02-26,TCS.NS,3243.38
2025-02-27,TCS.NS,3238.49
2025-02-28,TCS.NS,3393.93
2025-03-03,TCS.NS,3303.47
2025-03-04,TCS.NS,3319.88
2025-03-05,TCS.NS,3349.16
2025-03-06,TCS.NS,3415.95
2025-03-07,TCS.NS,3423.34
2025-03-10,TCS.NS,3443.7
2025-03-11,TCS.NS,3420.8
2025-03-12,TCS.NS,3438.74
2025-03-13,TCS.NS,3418.87
2025-03-14,TCS.NS,3458.49
2025-03-17,TCS.NS,3436.86
2025-03-18,TCS.NS,3461.56
2025-03-19,TCS.NS,3461.13
2025-03-20,TCS.NS,3532.66
2025-03-21,TCS.NS,3530.81
2025-03-24,TCS.NS,3419.54
2025-03-25,TCS.NS,3498.58
2025-03-26,TCS.NS,3442.94
2025-03-27,TCS.NS,3403.8
2025-03-28,TCS.NS,3368.67
2025-03-31,TCS.NS,3453.35
2025-04-01,TCS.NS,3321.98
2025-04-02,TCS.NS,3510.93
2025-04-03,TCS.NS,3579.08
2025-04-04,TCS.NS,3594.89
2025-04-07,TCS.NS,3592.78
2025-04-08,TCS.NS,3612.68
2025-04-09,TCS.NS,3648.01
2025-04-10,TCS.NS,3691.84
2025-04-11,TCS.NS,3730.24
2025-04-14,TCS.NS,3737.75
2025-04-15,TCS.NS,3725.96
2025-04-16,TCS.NS,3717.31
2025-04-17,TCS.NS,3705.75
2025-04-18,TCS.NS,3782.86
2025-04-21,TCS.NS,3824.79
2025-04-22,TCS.NS,3623.89
2025-04-23,TCS.NS,3668.12
2025-04-24,TCS.NS,3682.45
2025-04-25,TCS.NS,3682.68
2025-04-28,TCS.NS,3658.4
2025-04-29,TCS.NS,3733.89
2025-04-30,TCS.NS,3799.06
2025-05-01,TCS.NS,3747.73
2025-05-02,TCS.NS,3776.69
2025-05-05,TCS.NS,3712.15
2025-05-06,TCS.NS,3621.45
2025-05-07,TCS.NS,3582.04
2025-05-08,TCS.NS,3639.08
2025-05-09,TCS.NS,3702.97
2025-05-12,TCS.NS,3738.65
2025-05-13,TCS.NS,3788.94
2025-05-14,TCS.NS,3825.66
2025-05-15,TCS.NS,3783.02
2025-05-16,TCS.NS,3813.94
2025-05-19,TCS.NS,3870.41
2025-05-20,TCS.NS,3924.51
2025-05-21,TCS.NS,4010.07
2025-05-22,TCS.NS,4062.8
2025-05-23,TCS.NS,4090.13
2025-05-26,TCS.NS,4170.55
2025-05-27,TCS.NS,4170.23
2025-05-28,TCS.NS,4105.7
2025-05-29,TCS.NS,4095.29
2025-05-30,TCS.NS,4042.02
2025-06-02,TCS.NS,3994.51
2025-06-03,TCS.NS,3985.72
2025-06-04,TCS.NS,3930.46
2025-06-05,TCS.NS,3910.24
2025-06-06,TCS.NS,3778.53
2025-06-09,TCS.NS,3794.55
2025-06-10,TCS.NS,3796.15
2025-06-11,TCS.NS,3741.83
2025-06-12,TCS.NS,3787.73
2025-06-13,TCS.NS,3853.17
2025-06-16,TCS.NS,3743.21
2025-06-17,TCS.NS,3693.32
2025-06-18,TCS.NS,3643.67
2025-06-19,TCS.NS,3583.48
2025-06-20,TCS.NS,3638.42
2025-06-23,TCS.NS,3627.18
2025-06-24,TCS.NS,3611.36
2025-06-25,TCS.NS,3482.54
2025-06-26,TCS.NS,3523.77
2025-06-27,TCS.NS,3446.57
2025-06-30,TCS.NS,3451.67
2025-07-01,TCS.NS,3470.28
2025-07-02,TCS.NS,3556.67
2025-07-03,TCS.NS,3474.3
2025-07-04,TCS.NS,3286.85
2025-07-07,TCS.NS,3299.05
2025-07-08,TCS.NS,3407.29
2025-07-09,TCS.NS,3484.63
2025-07-10,TCS.NS,3499.18
2025-07-11,TCS.NS,3469.61
2025-07-14,TCS.NS,3521.41
2025-07-15,TCS.NS,3461.11
2025-07-16,TCS.NS,3492.17
2025-07-17,TCS.NS,3525.34
2025-07-18,TCS.NS,3594.03
2025-07-21,TCS.NS,3773.99
2025-07-22,TCS.NS,3802.16
2025-07-23,TCS.NS,3768.85
2025-07-24,TCS.NS,3768.62
2025-07-25,TCS.NS,3650.12
2025-07-28,TCS.NS,3605.94
2025-07-29,TCS.NS,3580.82
2025-07-30,TCS.NS,3548.47
2025-07-31,TCS.NS,3559.62
2025-08-01,TCS.NS,3508.35
2025-08-04,TCS.NS,3580.54
2025-08-05,TCS.NS,3581.99
2025-08-06,TCS.NS,3582.82
2025-08-07,TCS.NS,3563.11
2025-08-08,TCS.NS,3574.49
2025-08-11,TCS.NS,3629.01
2025-08-12,TCS.NS,3573.82
2025-08-13,TCS.NS,3532.91
2025-08-14,TCS.NS,3515.01
2025-08-15,TCS.NS,3431.26
2025-08-18,TCS.NS,3382.03
2025-08-19,TCS.NS,3354.4
2025-08-20,TCS.NS,3408.53
2025-08-21,TCS.NS,3426.0
2025-08-22,TCS.NS,3439.31
2025-08-25,TCS.NS,3493.37
2025-08-26,TCS.NS,3486.13
2025-08-27,TCS.NS,3512.02
2025-08-28,TCS.NS,3506.9
2025-08-29,TCS.NS,3525.05
2025-09-01,TCS.NS,3489.49
2025-09-02,TCS.NS,3337.7
2025-09-03,TCS.NS,3330.97
2025-09-04,TCS.NS,3417.6
2025-09-05,TCS.NS,3475.95
2025-09-08,TCS.NS,3537.74
2025-09-09,TCS.NS,3617.87
2025-09-10,TCS.NS,3625.09
2025-09-11,TCS.NS,3639.42
2025-09-12,TCS.NS,3600.41
2025-09-15,TCS.NS,3581.37
2025-09-16,TCS.NS,3622.5
2025-09-17,TCS.NS,3702.44
2025-09-18,TCS.NS,3694.63
2025-09-19,TCS.NS,3666.17
2024-09-23,INFY.NS,1550.63
2024-09-24,INFY.NS,1568.04
2024-09-25,INFY.NS,1527.91
2024-09-26,INFY.NS,1465.37
2024-09-27,INFY.NS,1451.44
2024-09-30,INFY.NS,1420.12
2024-10-01,INFY.NS,1407.7
2024-10-02,INFY.NS,1404.52
2024-10-03,INFY.NS,1393.62
2024-10-04,INFY.NS,1430.62
2024-10-07,INFY.NS,1439.6
2024-10-08,INFY.NS,1447.97
2024-10-09,INFY.NS,1464.76
2024-10-10,INFY.NS,1435.32
2024-10-11,INFY.NS,1462.74
2024-10-14,INFY.NS,1461.33
2024-10-15,INFY.NS,1479.55
2024-10-16,INFY.NS,1451.6
2024-10-17,INFY.NS,1411.58
2024-10-18,INFY.NS,1432.93
2024-10-21,INFY.NS,1443.21
2024-10-22,INFY.NS,1420.35
2024-10-23,INFY.NS,1398.69
2024-10-24,INFY.NS,1427.58
2024-10-25,INFY.NS,1397.59
2024-10-28,INFY.NS,1439.47
2024-10-29,INFY.NS,1416.71
2024-10-30,INFY.NS,1433.56
2024-10-31,INFY.NS,1425.65
2024-11-01,INFY.NS,1441.7
2024-11-04,INFY.NS,1428.16
2024-11-05,INFY.NS,1424.54
2024-11-06,INFY.NS,1426.16
2024-11-07,INFY.NS,1401.01
2024-11-08,INFY.NS,1420.25
2024-11-11,INFY.NS,1407.7
2024-11-12,INFY.NS,1402.47
2024-11-13,INFY.NS,1377.93
2024-11-14,INFY.NS,1314.93
2024-11-15,INFY.NS,1310.93
2024-11-18,INFY.NS,1368.38
2024-11-19,INFY.NS,1388.26
2024-11-20,INFY.NS,1388.33
2024-11-21,INFY.NS,1382.32
2024-11-22,INFY.NS,1383.43
2024-11-25,INFY.NS,1397.61
2024-11-26,INFY.NS,1368.46
2024-11-27,INFY.NS,1396.46
2024-11-28,INFY.NS,1415.0
2024-11-29,INFY.NS,1433.85
2024-12-02,INFY.NS,1445.75
2024-12-03,INFY.NS,1446.83
2024-12-04,INFY.NS,1464.94
2024-12-05,INFY.NS,1481.13
2024-12-06,INFY.NS,1472.28
2024-12-09,INFY.NS,1457.67
2024-12-10,INFY.NS,1460.92
2024-12-11,INFY.NS,1502.24
2024-12-12,INFY.NS,1469.34
2024-12-13,INFY.NS,1431.11
2024-12-16,INFY.NS,1435.93
2024-12-17,INFY.NS,1437.82
2024-12-18,INFY.NS,1442.88
2024-12-19,INFY.NS,1449.79
2024-12-20,INFY.NS,1444.55
2024-12-23,INFY.NS,1483.87
2024-12-24,INFY.NS,1441.7
2024-12-25,INFY.NS,1420.78
2024-12-26,INFY.NS,1418.7
2024-12-27,INFY.NS,1377.31
2024-12-30,INFY.NS,1373.5
2024-12-31,INFY.NS,1415.13
2025-01-01,INFY.NS,1416.22
2025-01-02,INFY.NS,1422.67
2025-01-03,INFY.NS,1390.97
2025-01-06,INFY.NS,1376.1
2025-01-07,INFY.NS,1367.35
2025-01-08,INFY.NS,1360.08
2025-01-09,INFY.NS,1392.0
2025-01-10,INFY.NS,1406.53
2025-01-13,INFY.NS,1378.95
2025-01-14,INFY.NS,1385.62
2025-01-15,INFY.NS,1398.6
2025-01-16,INFY.NS,1427.87
2025-01-17,INFY.NS,1469.06
2025-01-20,INFY.NS,1442.81
2025-01-21,INFY.NS,1422.32
2025-01-22,INFY.NS,1390.7
2025-01-23,INFY.NS,1385.4
2025-01-24,INFY.NS,1397.58
2025-01-27,INFY.NS,1422.98
2025-01-28,INFY.NS,1421.6
2025-01-29,INFY.NS,1413.98
2025-01-30,INFY.NS,1418.41
2025-01-31,INFY.NS,1397.66
2025-02-03,INFY.NS,1450.78
2025-02-04,INFY.NS,1409.38
2025-02-05,INFY.NS,1414.63
2025-02-06,INFY.NS,1466.73
2025-02-07,INFY.NS,1467.49
2025-02-10,INFY.NS,1463.06
2025-02-11,INFY.NS,1454.23
2025-02-12,INFY.NS,1450.09
2025-02-13,INFY.NS,1486.5
2025-02-14,INFY.NS,1427.92
2025-02-17,INFY.NS,1467.9
2025-02-18,INFY.NS,1430.86
2025-02-19,INFY.NS,1424.57
2025-02-20,INFY.NS,1414.13
2025-02-21,INFY.NS,1429.68
2025-02-24,INFY.NS,1389.12
2025-02-25,INFY.NS,1401.24
2025-02-26,INFY.NS,1452.85
2025-02-27,INFY.NS,1417.79
2025-02-28,INFY.NS,1423.19
2025-03-03,INFY.NS,1406.81
2025-03-04,INFY.NS,1418.15
2025-03-05,INFY.NS,1419.21
2025-03-06,INFY.NS,1403.39
2025-03-07,INFY.NS,1416.27
2025-03-10,INFY.NS,1462.84
2025-03-11,INFY.NS,1458.4
2025-03-12,INFY.NS,1477.88
2025-03-13,INFY.NS,1444.06
2025-03-14,INFY.NS,1419.78
2025-03-17,INFY.NS,1432.42
2025-03-18,INFY.NS,1471.26
2025-03-19,INFY.NS,1481.27
2025-03-20,INFY.NS,1473.51
2025-03-21,INFY.NS,1474.08
2025-03-24,INFY.NS,1441.49
2025-03-25,INFY.NS,1457.76
2025-03-26,INFY.NS,1481.49
2025-03-27,INFY.NS,1470.03
2025-03-28,INFY.NS,1458.18
2025-03-31,INFY.NS,1465.74
2025-04-01,INFY.NS,1454.8
2025-04-02,INFY.NS,1453.65
2025-04-03,INFY.NS,1509.18
2025-04-04,INFY.NS,1503.07
2025-04-07,INFY.NS,1493.98
2025-04-08,INFY.NS,1477.16
2025-04-09,INFY.NS,1497.54
2025-04-10,INFY.NS,1493.25
2025-04-11,INFY.NS,1476.4
2025-04-14,INFY.NS,1512.1
2025-04-15,INFY.NS,1551.34
2025-04-16,INFY.NS,1535.2
2025-04-17,INFY.NS,1484.23
2025-04-18,INFY.NS,1511.74
2025-04-21,INFY.NS,1493.72
2025-04-22,INFY.NS,1515.57
2025-04-23,INFY.NS,1462.43
2025-04-24,INFY.NS,1486.52
2025-04-25,INFY.NS,1454.7
2025-04-28,INFY.NS,1474.42
2025-04-29,INFY.NS,1475.39
2025-04-30,INFY.NS,1450.64
2025-05-01,INFY.NS,1440.6
2025-05-02,INFY.NS,1458.97
2025-05-05,INFY.NS,1462.33
2025-05-06,INFY.NS,1478.3
2025-05-07,INFY.NS,1531.48
2025-05-08,INFY.NS,1488.98
2025-05-09,INFY.NS,1532.92
2025-05-12,INFY.NS,1536.41
2025-05-13,INFY.NS,1512.17
2025-05-14,INFY.NS,1476.56
2025-05-15,INFY.NS,1472.13
2025-05-16,INFY.NS,1497.14
2025-05-19,INFY.NS,1494.3
2025-05-20,INFY.NS,1535.54
2025-05-21,INFY.NS,1496.05
2025-05-22,INFY.NS,1496.32
2025-05-23,INFY.NS,1463.19
2025-05-26,INFY.NS,1473.35
2025-05-27,INFY.NS,1497.46
2025-05-28,INFY.NS,1486.72
2025-05-29,INFY.NS,1417.62
2025-05-30,INFY.NS,1423.26
2025-06-02,INFY.NS,1435.02
2025-06-03,INFY.NS,1446.04
2025-06-04,INFY.NS,1478.78
2025-06-05,INFY.NS,1450.86
2025-06-06,INFY.NS,1469.21
2025-06-09,INFY.NS,1501.33
2025-06-10,INFY.NS,1453.87
2025-06-11,INFY.NS,1462.82
2025-06-12,INFY.NS,1450.13
2025-06-13,INFY.NS,1448.58
2025-06-16,INFY.NS,1458.22
2025-06-17,INFY.NS,1446.02
2025-06-18,INFY.NS,1429.01
2025-06-19,INFY.NS,1430.46
2025-06-20,INFY.NS,1403.04
2025-06-23,INFY.NS,1376.17
2025-06-24,INFY.NS,1393.55
2025-06-25,INFY.NS,1365.3
2025-06-26,INFY.NS,1382.22
2025-06-27,INFY.NS,1394.28
2025-06-30,INFY.NS,1351.52
2025-07-01,INFY.NS,1335.58
2025-07-02,INFY.NS,1364.82
2025-07-03,INFY.NS,1341.26
2025-07-04,INFY.NS,1330.59
2025-07-07,INFY.NS,1342.19
2025-07-08,INFY.NS,1361.65
2025-07-09,INFY.NS,1356.03
2025-07-10,INFY.NS,1341.99
2025-07-11,INFY.NS,1376.88
2025-07-14,INFY.NS,1420.53
2025-07-15,INFY.NS,1446.13
2025-07-16,INFY.NS,1448.93
2025-07-17,INFY.NS,1428.43
2025-07-18,INFY.NS,1407.65
2025-07-21,INFY.NS,1421.45
2025-07-22,INFY.NS,1432.72
2025-07-23,INFY.NS,1469.44
2025-07-24,INFY.NS,1487.23
2025-07-25,INFY.NS,1447.59
2025-07-28,INFY.NS,1475.58
2025-07-29,INFY.NS,1449.66
2025-07-30,INFY.NS,1440.22
2025-07-31,INFY.NS,1447.28
2025-08-01,INFY.NS,1499.85
2025-08-04,INFY.NS,1584.41
2025-08-05,INFY.NS,1602.35
2025-08-06,INFY.NS,1597.71
2025-08-07,INFY.NS,1613.72
2025-08-08,INFY.NS,1640.15
2025-08-11,INFY.NS,1631.33
2025-08-12,INFY.NS,1684.7
2025-08-13,INFY.NS,1692.35
2025-08-14,INFY.NS,1708.19
2025-08-15,INFY.NS,1729.35
2025-08-18,INFY.NS,1743.17
2025-08-19,INFY.NS,1770.19
2025-08-20,INFY.NS,1751.23
2025-08-21,INFY.NS,1734.33
2025-08-22,INFY.NS,1700.68
2025-08-25,INFY.NS,1714.81
2025-08-26,INFY.NS,1739.54
2025-08-27,INFY.NS,1754.57
2025-08-28,INFY.NS,1808.16
2025-08-29,INFY.NS,1808.7
2025-09-01,INFY.NS,1831.19
2025-09-02,INFY.NS,1795.94
2025-09-03,INFY.NS,1784.15
2025-09-04,INFY.NS,1807.2
2025-09-05,INFY.NS,1835.54
2025-09-08,INFY.NS,1826.56
2025-09-09,INFY.NS,1824.94
2025-09-10,INFY.NS,1775.81
2025-09-11,INFY.NS,1765.11
2025-09-12,INFY.NS,1794.1
2025-09-15,INFY.NS,1813.39
2025-09-16,INFY.NS,1830.46
2025-09-17,INFY.NS,1832.83
2025-09-18,INFY.NS,1833.8
2025-09-19,INFY.NS,1812.74
2024-09-23,HDFCBANK.NS,1418.17
2024-09-24,HDFCBANK.NS,1429.48
2024-09-25,HDFCBANK.NS,1442.72
2024-09-26,HDFCBANK.NS,1429.63
2024-09-27,HDFCBANK.NS,1374.79
2024-09-30,HDFCBANK.NS,1402.49
2024-10-01,HDFCBANK.NS,1390.96
2024-10-02,HDFCBANK.NS,1369.92
2024-10-03,HDFCBANK.NS,1387.57
2024-10-04,HDFCBANK.NS,1378.33
2024-10-07,HDFCBANK.NS,1405.18
2024-10-08,HDFCBANK.NS,1421.35
2024-10-09,HDFCBANK.NS,1439.41
2024-10-10,HDFCBANK.NS,1404.59
2024-10-11,HDFCBANK.NS,1435.79
2024-10-14,HDFCBANK.NS,1443.12
2024-10-15,HDFCBANK.NS,1434.1
2024-10-16,HDFCBANK.NS,1438.38
2024-10-17,HDFCBANK.NS,1392.97
2024-10-18,HDFCBANK.NS,1403.77
2024-10-21,HDFCBANK.NS,1378.32
2024-10-22,HDFCBANK.NS,1345.31
2024-10-23,HDFCBANK.NS,1308.99
2024-10-24,HDFCBANK.NS,1335.73
2024-10-25,HDFCBANK.NS,1321.13
2024-10-28,HDFCBANK.NS,1358.13
2024-10-29,HDFCBANK.NS,1345.58
2024-10-30,HDFCBANK.NS,1304.76
2024-10-31,HDFCBANK.NS,1279.06
2024-11-01,HDFCBANK.NS,1308.03
2024-11-04,HDFCBANK.NS,1304.88
2024-11-05,HDFCBANK.NS,1292.52
2024-11-06,HDFCBANK.NS,1296.76
2024-11-07,HDFCBANK.NS,1308.99
2024-11-08,HDFCBANK.NS,1335.85
2024-11-11,HDFCBANK.NS,1371.21
2024-11-12,HDFCBANK.NS,1362.88
2024-11-13,HDFCBANK.NS,1330.89
2024-11-14,HDFCBANK.NS,1321.52
2024-11-15,HDFCBANK.NS,1328.24
2024-11-18,HDFCBANK.NS,1305.73
2024-11-19,HDFCBANK.NS,1283.76
2024-11-20,HDFCBANK.NS,1292.21
2024-11-21,HDFCBANK.NS,1291.6
2024-11-22,HDFCBANK.NS,1292.88
2024-11-25,HDFCBANK.NS,1275.74
2024-11-26,HDFCBANK.NS,1270.96
2024-11-27,HDFCBANK.NS,1250.33
2024-11-28,HDFCBANK.NS,1270.86
2024-11-29,HDFCBANK.NS,1295.05
2024-12-02,HDFCBANK.NS,1252.53
2024-12-03,HDFCBANK.NS,1232.08
2024-12-04,HDFCBANK.NS,1199.38
2024-12-05,HDFCBANK.NS,1185.83
2024-12-06,HDFCBANK.NS,1184.52
2024-12-09,HDFCBANK.NS,1154.09
2024-12-10,HDFCBANK.NS,1135.4
2024-12-11,HDFCBANK.NS,1115.33
2024-12-12,HDFCBANK.NS,1119.94
2024-12-13,HDFCBANK.NS,1121.79
2024-12-16,HDFCBANK.NS,1107.66
2024-12-17,HDFCBANK.NS,1111.63
2024-12-18,HDFCBANK.NS,1101.14
2024-12-19,HDFCBANK.NS,1096.19
2024-12-20,HDFCBANK.NS,1129.65
2024-12-23,HDFCBANK.NS,1157.36
2024-12-24,HDFCBANK.NS,1130.75
2024-12-25,HDFCBANK.NS,1148.09
2024-12-26,HDFCBANK.NS,1165.32
2024-12-27,HDFCBANK.NS,1141.7
2024-12-30,HDFCBANK.NS,1158.98
2024-12-31,HDFCBANK.NS,1191.53
2025-01-01,HDFCBANK.NS,1167.93
2025-01-02,HDFCBANK.NS,1149.11
2025-01-03,HDFCBANK.NS,1170.62
2025-01-06,HDFCBANK.NS,1176.81
2025-01-07,HDFCBANK.NS,1188.96
2025-01-08,HDFCBANK.NS,1196.72
2025-01-09,HDFCBANK.NS,1205.62
2025-01-10,HDFCBANK.NS,1177.31
2025-01-13,HDFCBANK.NS,1199.98
2025-01-14,HDFCBANK.NS,1225.72
2025-01-15,HDFCBANK.NS,1221.15
2025-01-16,HDFCBANK.NS,1220.68
2025-01-17,HDFCBANK.NS,1187.53
2025-01-20,HDFCBANK.NS,1199.0
2025-01-21,HDFCBANK.NS,1211.82
2025-01-22,HDFCBANK.NS,1210.95
2025-01-23,HDFCBANK.NS,1235.94
2025-01-24,HDFCBANK.NS,1229.01
2025-01-27,HDFCBANK.NS,1241.99
2025-01-28,HDFCBANK.NS,1219.69
2025-01-29,HDFCBANK.NS,1219.66
2025-01-30,HDFCBANK.NS,1216.32
2025-01-31,HDFCBANK.NS,1221.74
2025-02-03,HDFCBANK.NS,1214.1
2025-02-04,HDFCBANK.NS,1211.71
2025-02-05,HDFCBANK.NS,1230.22
2025-02-06,HDFCBANK.NS,1221.04
2025-02-07,HDFCBANK.NS,1186.21
2025-02-10,HDFCBANK.NS,1224.05
2025-02-11,HDFCBANK.NS,1254.97
2025-02-12,HDFCBANK.NS,1226.28
2025-02-13,HDFCBANK.NS,1242.0
2025-02-14,HDFCBANK.NS,1231.25
2025-02-17,HDFCBANK.NS,1237.58
2025-02-18,HDFCBANK.NS,1244.63
2025-02-19,HDFCBANK.NS,1239.88
2025-02-20,HDFCBANK.NS,1222.88
2025-02-21,HDFCBANK.NS,1208.17
2025-02-24,HDFCBANK.NS,1188.73
2025-02-25,HDFCBANK.NS,1171.41
2025-02-26,HDFCBANK.NS,1170.46
2025-02-27,HDFCBANK.NS,1155.85
2025-02-28,HDFCBANK.NS,1170.5
2025-03-03,HDFCBANK.NS,1202.3
2025-03-04,HDFCBANK.NS,1190.23
2025-03-05,HDFCBANK.NS,1195.83
2025-03-06,HDFCBANK.NS,1207.07
2025-03-07,HDFCBANK.NS,1217.81
2025-03-10,HDFCBANK.NS,1219.96
2025-03-11,HDFCBANK.NS,1236.76
2025-03-12,HDFCBANK.NS,1247.99
2025-03-13,HDFCBANK.NS,1220.68
2025-03-14,HDFCBANK.NS,1240.27
2025-03-17,HDFCBANK.NS,1260.57
2025-03-18,HDFCBANK.NS,1243.76
2025-03-19,HDFCBANK.NS,1245.11
2025-03-20,HDFCBANK.NS,1260.92
2025-03-21,HDFCBANK.NS,1256.67
2025-03-24,HDFCBANK.NS,1281.44
2025-03-25,HDFCBANK.NS,1336.48
2025-03-26,HDFCBANK.NS,1318.11
2025-03-27,HDFCBANK.NS,1285.87
2025-03-28,HDFCBANK.NS,1293.42
2025-03-31,HDFCBANK.NS,1310.73
2025-04-01,HDFCBANK.NS,1305.81
2025-04-02,HDFCBANK.NS,1340.49
2025-04-03,HDFCBANK.NS,1308.73
2025-04-04,HDFCBANK.NS,1325.57
2025-04-07,HDFCBANK.NS,1311.65
2025-04-08,HDFCBANK.NS,1352.77
2025-04-09,HDFCBANK.NS,1401.83
2025-04-10,HDFCBANK.NS,1383.04
2025-04-11,HDFCBANK.NS,1369.91
2025-04-14,HDFCBANK.NS,1391.66
2025-04-15,HDFCBANK.NS,1382.52
2025-04-16,HDFCBANK.NS,1381.94
2025-04-17,HDFCBANK.NS,1383.12
2025-04-18,HDFCBANK.NS,1335.88
2025-04-21,HDFCBANK.NS,1336.09
2025-04-22,HDFCBANK.NS,1320.03
2025-04-23,HDFCBANK.NS,1308.84
2025-04-24,HDFCBANK.NS,1343.38
2025-04-25,HDFCBANK.NS,1313.53
2025-04-28,HDFCBANK.NS,1333.28
2025-04-29,HDFCBANK.NS,1327.12
2025-04-30,HDFCBANK.NS,1320.97
2025-05-01,HDFCBANK.NS,1340.29
2025-05-02,HDFCBANK.NS,1349.03
2025-05-05,HDFCBANK.NS,1363.43
2025-05-06,HDFCBANK.NS,1387.73
2025-05-07,HDFCBANK.NS,1380.01
2025-05-08,HDFCBANK.NS,1365.36
2025-05-09,HDFCBANK.NS,1339.23
2025-05-12,HDFCBANK.NS,1319.87
2025-05-13,HDFCBANK.NS,1390.46
2025-05-14,HDFCBANK.NS,1422.17
2025-05-15,HDFCBANK.NS,1388.16
2025-05-16,HDFCBANK.NS,1355.67
2025-05-19,HDFCBANK.NS,1367.97
2025-05-20,HDFCBANK.NS,1381.99
2025-05-21,HDFCBANK.NS,1396.2
2025-05-22,HDFCBANK.NS,1390.35
2025-05-23,HDFCBANK.NS,1387.76
2025-05-26,HDFCBANK.NS,1396.51
2025-05-27,HDFCBANK.NS,1399.23
2025-05-28,HDFCBANK.NS,1343.89
2025-05-29,HDFCBANK.NS,1338.87
2025-05-30,HDFCBANK.NS,1318.89
2025-06-02,HDFCBANK.NS,1323.57
2025-06-03,HDFCBANK.NS,1395.23
2025-06-04,HDFCBANK.NS,1405.01
2025-06-05,HDFCBANK.NS,1397.65
2025-06-06,HDFCBANK.NS,1421.4
2025-06-09,HDFCBANK.NS,1434.31
2025-06-10,HDFCBANK.NS,1445.73
2025-06-11,HDFCBANK.NS,1462.1
2025-06-12,HDFCBANK.NS,1516.81
2025-06-13,HDFCBANK.NS,1486.54
2025-06-16,HDFCBANK.NS,1499.81
2025-06-17,HDFCBANK.NS,1475.4
2025-06-18,HDFCBANK.NS,1490.74
2025-06-19,HDFCBANK.NS,1466.69
2025-06-20,HDFCBANK.NS,1456.26
2025-06-23,HDFCBANK.NS,1449.1
2025-06-24,HDFCBANK.NS,1475.14
2025-06-25,HDFCBANK.NS,1500.11
2025-06-26,HDFCBANK.NS,1467.08
2025-06-27,HDFCBANK.NS,1469.12
2025-06-30,HDFCBANK.NS,1450.94
2025-07-01,HDFCBANK.NS,1418.65
2025-07-02,HDFCBANK.NS,1413.68
2025-07-03,HDFCBANK.NS,1406.39
2025-07-04,HDFCBANK.NS,1468.39
2025-07-07,HDFCBANK.NS,1480.42
2025-07-08,HDFCBANK.NS,1444.3
2025-07-09,HDFCBANK.NS,1430.2
2025-07-10,HDFCBANK.NS,1457.06
2025-07-11,HDFCBANK.NS,1512.42
2025-07-14,HDFCBANK.NS,1469.85
2025-07-15,HDFCBANK.NS,1420.7
2025-07-16,HDFCBANK.NS,1469.11
2025-07-17,HDFCBANK.NS,1480.0
2025-07-18,HDFCBANK.NS,1457.46
2025-07-21,HDFCBANK.NS,1472.07
2025-07-22,HDFCBANK.NS,1402.82
2025-07-23,HDFCBANK.NS,1403.47
2025-07-24,HDFCBANK.NS,1412.31
2025-07-25,HDFCBANK.NS,1436.37
2025-07-28,HDFCBANK.NS,1410.73
2025-07-29,HDFCBANK.NS,1413.47
2025-07-30,HDFCBANK.NS,1390.49
2025-07-31,HDFCBANK.NS,1397.44
2025-08-01,HDFCBANK.NS,1375.48
2025-08-04,HDFCBANK.NS,1365.92
2025-08-05,HDFCBANK.NS,1341.99
2025-08-06,HDFCBANK.NS,1358.25
2025-08-07,HDFCBANK.NS,1379.78
2025-08-08,HDFCBANK.NS,1374.51
2025-08-11,HDFCBANK.NS,1376.0
2025-08-12,HDFCBANK.NS,1340.67
2025-08-13,HDFCBANK.NS,1333.98
2025-08-14,HDFCBANK.NS,1333.31
2025-08-15,HDFCBANK.NS,1396.74
2025-08-18,HDFCBANK.NS,1369.34
2025-08-19,HDFCBANK.NS,1405.98
2025-08-20,HDFCBANK.NS,1431.77
2025-08-21,HDFCBANK.NS,1439.57
2025-08-22,HDFCBANK.NS,1485.72
2025-08-25,HDFCBANK.NS,1496.26
2025-08-26,HDFCBANK.NS,1507.34
2025-08-27,HDFCBANK.NS,1506.51
2025-08-28,HDFCBANK.NS,1540.29
2025-08-29,HDFCBANK.NS,1571.3
2025-09-01,HDFCBANK.NS,1554.24
2025-09-02,HDFCBANK.NS,1517.95
2025-09-03,HDFCBANK.NS,1513.01
2025-09-04,HDFCBANK.NS,1491.83
2025-09-05,HDFCBANK.NS,1490.72
2025-09-08,HDFCBANK.NS,1524.52
2025-09-09,HDFCBANK.NS,1512.58
2025-09-10,HDFCBANK.NS,1512.02
2025-09-11,HDFCBANK.NS,1514.2
2025-09-12,HDFCBANK.NS,1537.93
2025-09-15,HDFCBANK.NS,1476.35
2025-09-16,HDFCBANK.NS,1460.82
2025-09-17,HDFCBANK.NS,1466.96
2025-09-18,HDFCBANK.NS,1499.23
2025-09-19,HDFCBANK.NS,1486.56
2024-09-23,RELIANCE.NS,2513.22
2024-09-24,RELIANCE.NS,2542.26
2024-09-25,RELIANCE.NS,2514.2
2024-09-26,RELIANCE.NS,2461.37
2024-09-27,RELIANCE.NS,2434.69
2024-09-30,RELIANCE.NS,2427.58
2024-10-01,RELIANCE.NS,2402.12
2024-10-02,RELIANCE.NS,2307.72
2024-10-03,RELIANCE.NS,2345.9
2024-10-04,RELIANCE.NS,2400.68
2024-10-07,RELIANCE.NS,2429.79
2024-10-08,RELIANCE.NS,2381.0
2024-10-09,RELIANCE.NS,2373.32
2024-10-10,RELIANCE.NS,2373.99
2024-10-11,RELIANCE.NS,2400.53
2024-10-14,RELIANCE.NS,2430.37
2024-10-15,RELIANCE.NS,2399.22
2024-10-16,RELIANCE.NS,2403.72
2024-10-17,RELIANCE.NS,2424.47
2024-10-18,RELIANCE.NS,2488.97
2024-10-21,RELIANCE.NS,2521.53
2024-10-22,RELIANCE.NS,2558.35
2024-10-23,RELIANCE.NS,2563.24
2024-10-24,RELIANCE.NS,2629.34
2024-10-25,RELIANCE.NS,2649.78
2024-10-28,RELIANCE.NS,2609.77
2024-10-29,RELIANCE.NS,2676.74
2024-10-30,RELIANCE.NS,2711.44
2024-10-31,RELIANCE.NS,2690.9
2024-11-01,RELIANCE.NS,2668.75
2024-11-04,RELIANCE.NS,2684.06
2024-11-05,RELIANCE.NS,2707.52
2024-11-06,RELIANCE.NS,2718.21
2024-11-07,RELIANCE.NS,2734.53
2024-11-08,RELIANCE.NS,2819.3
2024-11-11,RELIANCE.NS,2874.81
2024-11-12,RELIANCE.NS,2885.82
2024-11-13,RELIANCE.NS,2935.87
2024-11-14,RELIANCE.NS,2882.48
2024-11-15,RELIANCE.NS,2904.28
2024-11-18,RELIANCE.NS,3000.03
2024-11-19,RELIANCE.NS,2989.45
2024-11-20,RELIANCE.NS,2945.04
2024-11-21,RELIANCE.NS,2911.65
2024-11-22,RELIANCE.NS,2855.71
2024-11-25,RELIANCE.NS,2816.51
2024-11-26,RELIANCE.NS,2798.85
2024-11-27,RELIANCE.NS,2729.16
2024-11-28,RELIANCE.NS,2731.02
2024-11-29,RELIANCE.NS,2776.47
2024-12-02,RELIANCE.NS,2732.21
2024-12-03,RELIANCE.NS,2808.02
2024-12-04,RELIANCE.NS,2834.96
2024-12-05,RELIANCE.NS,2888.69
2024-12-06,RELIANCE.NS,2855.64
2024-12-09,RELIANCE.NS,2900.7
2024-12-10,RELIANCE.NS,2844.85
2024-12-11,RELIANCE.NS,2891.58
2024-12-12,RELIANCE.NS,2901.68
2024-12-13,RELIANCE.NS,2931.73
2024-12-16,RELIANCE.NS,2870.87
2024-12-17,RELIANCE.NS,2825.76
2024-12-18,RELIANCE.NS,2857.27
2024-12-19,RELIANCE.NS,2809.64
2024-12-20,RELIANCE.NS,2834.19
2024-12-23,RELIANCE.NS,2765.58
2024-12-24,RELIANCE.NS,2808.91
2024-12-25,RELIANCE.NS,2747.71
2024-12-26,RELIANCE.NS,2776.13
2024-12-27,RELIANCE.NS,2808.5
2024-12-30,RELIANCE.NS,2774.4
2024-12-31,RELIANCE.NS,2804.58
2025-01-01,RELIANCE.NS,2818.85
2025-01-02,RELIANCE.NS,2792.63
2025-01-03,RELIANCE.NS,2743.05
2025-01-06,RELIANCE.NS,2647.25
2025-01-07,RELIANCE.NS,2664.97
2025-01-08,RELIANCE.NS,2590.97
2025-01-09,RELIANCE.NS,2596.45
2025-01-10,RELIANCE.NS,2585.18
2025-01-13,RELIANCE.NS,2617.81
2025-01-14,RELIANCE.NS,2604.63
2025-01-15,RELIANCE.NS,2590.23
2025-01-16,RELIANCE.NS,2625.38
2025-01-17,RELIANCE.NS,2642.27
2025-01-20,RELIANCE.NS,2658.36
2025-01-21,RELIANCE.NS,2681.88
2025-01-22,RELIANCE.NS,2608.82
2025-01-23,RELIANCE.NS,2645.41
2025-01-24,RELIANCE.NS,2675.63
2025-01-27,RELIANCE.NS,2627.73
2025-01-28,RELIANCE.NS,2617.24
2025-01-29,RELIANCE.NS,2616.44
2025-01-30,RELIANCE.NS,2611.15
2025-01-31,RELIANCE.NS,2627.88
2025-02-03,RELIANCE.NS,2696.64
2025-02-04,RELIANCE.NS,2750.23
2025-02-05,RELIANCE.NS,2686.37
2025-02-06,RELIANCE.NS,2717.52
2025-02-07,RELIANCE.NS,2783.62
2025-02-10,RELIANCE.NS,2804.11
2025-02-11,RELIANCE.NS,2860.3
2025-02-12,RELIANCE.NS,2965.04
2025-02-13,RELIANCE.NS,3020.87
2025-02-14,RELIANCE.NS,3035.63
2025-02-17,RELIANCE.NS,3093.95
2025-02-18,RELIANCE.NS,3103.26
2025-02-19,RELIANCE.NS,3105.83
2025-02-20,RELIANCE.NS,3087.43
2025-02-21,RELIANCE.NS,3175.55
2025-02-24,RELIANCE.NS,3130.04
2025-02-25,RELIANCE.NS,3217.63
2025-02-26,RELIANCE.NS,3247.86
2025-02-27,RELIANCE.NS,3167.36
2025-02-28,RELIANCE.NS,3189.58
2025-03-03,RELIANCE.NS,3070.29
2025-03-04,RELIANCE.NS,3106.09
2025-03-05,RELIANCE.NS,3156.82
2025-03-06,RELIANCE.NS,3124.43
2025-03-07,RELIANCE.NS,3132.63
2025-03-10,RELIANCE.NS,3244.07
2025-03-11,RELIANCE.NS,3215.83
2025-03-12,RELIANCE.NS,3155.83
2025-03-13,RELIANCE.NS,3241.25
2025-03-14,RELIANCE.NS,3357.05
2025-03-17,RELIANCE.NS,3358.62
2025-03-18,RELIANCE.NS,3421.11
2025-03-19,RELIANCE.NS,3505.09
2025-03-20,RELIANCE.NS,3459.64
2025-03-21,RELIANCE.NS,3430.81
2025-03-24,RELIANCE.NS,3508.19
2025-03-25,RELIANCE.NS,3616.0
2025-03-26,RELIANCE.NS,3654.08
2025-03-27,RELIANCE.NS,3597.67
2025-03-28,RELIANCE.NS,3727.79
2025-03-31,RELIANCE.NS,3693.65
2025-04-01,RELIANCE.NS,3672.85
2025-04-02,RELIANCE.NS,3696.95
2025-04-03,RELIANCE.NS,3801.85
2025-04-04,RELIANCE.NS,3861.81
2025-04-07,RELIANCE.NS,3892.2
2025-04-08,RELIANCE.NS,3926.21
2025-04-09,RELIANCE.NS,3930.86
2025-04-10,RELIANCE.NS,3971.92
2025-04-11,RELIANCE.NS,3792.66
2025-04-14,RELIANCE.NS,3773.93
2025-04-15,RELIANCE.NS,3791.83
2025-04-16,RELIANCE.NS,3714.79
2025-04-17,RELIANCE.NS,3742.11
2025-04-18,RELIANCE.NS,3729.83
2025-04-21,RELIANCE.NS,3849.18
2025-04-22,RELIANCE.NS,3959.71
2025-04-23,RELIANCE.NS,3928.09
2025-04-24,RELIANCE.NS,3919.0
2025-04-25,RELIANCE.NS,3915.35
2025-04-28,RELIANCE.NS,3885.08
2025-04-29,RELIANCE.NS,3900.27
2025-04-30,RELIANCE.NS,3848.6
2025-05-01,RELIANCE.NS,3771.81
2025-05-02,RELIANCE.NS,3815.6
2025-05-05,RELIANCE.NS,3860.36
2025-05-06,RELIANCE.NS,3806.02
2025-05-07,RELIANCE.NS,3868.88
2025-05-08,RELIANCE.NS,3826.45
2025-05-09,RELIANCE.NS,3845.41
2025-05-12,RELIANCE.NS,3903.73
2025-05-13,RELIANCE.NS,3902.93
2025-05-14,RELIANCE.NS,3936.44
2025-05-15,RELIANCE.NS,3901.42
2025-05-16,RELIANCE.NS,3889.19
2025-05-19,RELIANCE.NS,3876.33
2025-05-20,RELIANCE.NS,3825.79
2025-05-21,RELIANCE.NS,3815.15
2025-05-22,RELIANCE.NS,3710.33
2025-05-23,RELIANCE.NS,3679.01
2025-05-26,RELIANCE.NS,3661.61
2025-05-27,RELIANCE.NS,3646.19
2025-05-28,RELIANCE.NS,3631.8
2025-05-29,RELIANCE.NS,3629.22
2025-05-30,RELIANCE.NS,3661.99
2025-06-02,RELIANCE.NS,3721.1
2025-06-03,RELIANCE.NS,3679.07
2025-06-04,RELIANCE.NS,3600.86
2025-06-05,RELIANCE.NS,3534.76
2025-06-06,RELIANCE.NS,3505.17
2025-06-09,RELIANCE.NS,3484.37
2025-06-10,RELIANCE.NS,3437.47
2025-06-11,RELIANCE.NS,3358.65
2025-06-12,RELIANCE.NS,3332.42
2025-06-13,RELIANCE.NS,3344.63
2025-06-16,RELIANCE.NS,3381.79
2025-06-17,RELIANCE.NS,3349.22
2025-06-18,RELIANCE.NS,3325.66
2025-06-19,RELIANCE.NS,3271.51
2025-06-20,RELIANCE.NS,3270.97
2025-06-23,RELIANCE.NS,3222.33
2025-06-24,RELIANCE.NS,3256.86
2025-06-25,RELIANCE.NS,3153.47
2025-06-26,RELIANCE.NS,3134.31
2025-06-27,RELIANCE.NS,3152.56
2025-06-30,RELIANCE.NS,3164.25
2025-07-01,RELIANCE.NS,3318.9
2025-07-02,RELIANCE.NS,3341.13
2025-07-03,RELIANCE.NS,3282.08
2025-07-04,RELIANCE.NS,3277.75
2025-07-07,RELIANCE.NS,3174.26
2025-07-08,RELIANCE.NS,3170.93
2025-07-09,RELIANCE.NS,3124.65
2025-07-10,RELIANCE.NS,3177.38
2025-07-11,RELIANCE.NS,3147.22
2025-07-14,RELIANCE.NS,3141.87
2025-07-15,RELIANCE.NS,3107.18
2025-07-16,RELIANCE.NS,3205.68
2025-07-17,RELIANCE.NS,3188.42
2025-07-18,RELIANCE.NS,3294.87
2025-07-21,RELIANCE.NS,3344.48
2025-07-22,RELIANCE.NS,3374.83
2025-07-23,RELIANCE.NS,3398.58
2025-07-24,RELIANCE.NS,3424.03
2025-07-25,RELIANCE.NS,3306.6
2025-07-28,RELIANCE.NS,3291.32
2025-07-29,RELIANCE.NS,3342.71
2025-07-30,RELIANCE.NS,3341.1
2025-07-31,RELIANCE.NS,3257.93
2025-08-01,RELIANCE.NS,3256.16
2025-08-04,RELIANCE.NS,3357.34
2025-08-05,RELIANCE.NS,3434.04
2025-08-06,RELIANCE.NS,3431.58
2025-08-07,RELIANCE.NS,3491.72
2025-08-08,RELIANCE.NS,3470.08
2025-08-11,RELIANCE.NS,3365.04
2025-08-12,RELIANCE.NS,3310.39
2025-08-13,RELIANCE.NS,3404.85
2025-08-14,RELIANCE.NS,3389.42
2025-08-15,RELIANCE.NS,3375.92
2025-08-18,RELIANCE.NS,3359.05
2025-08-19,RELIANCE.NS,3475.53
2025-08-20,RELIANCE.NS,3578.64
2025-08-21,RELIANCE.NS,3722.99
2025-08-22,RELIANCE.NS,3713.82
2025-08-25,RELIANCE.NS,3735.07
2025-08-26,RELIANCE.NS,3634.6
2025-08-27,RELIANCE.NS,3732.68
2025-08-28,RELIANCE.NS,3655.71
2025-08-29,RELIANCE.NS,3671.44
2025-09-01,RELIANCE.NS,3600.39
2025-09-02,RELIANCE.NS,3563.67
2025-09-03,RELIANCE.NS,3511.38
2025-09-04,RELIANCE.NS,3474.37
2025-09-05,RELIANCE.NS,3442.04
2025-09-08,RELIANCE.NS,3409.45
2025-09-09,RELIANCE.NS,3461.95
2025-09-10,RELIANCE.NS,3394.49
2025-09-11,RELIANCE.NS,3409.32
2025-09-12,RELIANCE.NS,3485.43
2025-09-15,RELIANCE.NS,3454.63
2025-09-16,RELIANCE.NS,3411.37
2025-09-17,RELIANCE.NS,3398.58
2025-09-18,RELIANCE.NS,3472.1
2025-09-19,RELIANCE.NS,3485.62
2024-09-23,ICICIBANK.NS,1089.92
2024-09-24,ICICIBANK.NS,1099.85
2024-09-25,ICICIBANK.NS,1078.47
2024-09-26,ICICIBANK.NS,1092.13
2024-09-27,ICICIBANK.NS,1100.6
2024-09-30,ICICIBANK.NS,1094.94
2024-10-01,ICICIBANK.NS,1078.85
2024-10-02,ICICIBANK.NS,1062.06
2024-10-03,ICICIBANK.NS,1072.71
2024-10-04,ICICIBANK.NS,1096.87
2024-10-07,ICICIBANK.NS,1084.73
2024-10-08,ICICIBANK.NS,1094.11
2024-10-09,ICICIBANK.NS,1053.45
2024-10-10,ICICIBANK.NS,1042.78
2024-10-11,ICICIBANK.NS,1042.62
2024-10-14,ICICIBANK.NS,1025.96
2024-10-15,ICICIBANK.NS,1009.08
2024-10-16,ICICIBANK.NS,997.35
2024-10-17,ICICIBANK.NS,1002.99
2024-10-18,ICICIBANK.NS,1000.01
2024-10-21,ICICIBANK.NS,960.13
2024-10-22,ICICIBANK.NS,923.86
2024-10-23,ICICIBANK.NS,914.14
2024-10-24,ICICIBANK.NS,922.03
2024-10-25,ICICIBANK.NS,876.8
2024-10-28,ICICIBANK.NS,869.27
2024-10-29,ICICIBANK.NS,861.38
2024-10-30,ICICIBANK.NS,883.25
2024-10-31,ICICIBANK.NS,877.48
2024-11-01,ICICIBANK.NS,883.88
2024-11-04,ICICIBANK.NS,886.48
2024-11-05,ICICIBANK.NS,852.84
2024-11-06,ICICIBANK.NS,864.98
2024-11-07,ICICIBANK.NS,868.68
2024-11-08,ICICIBANK.NS,876.97
2024-11-11,ICICIBANK.NS,939.3
2024-11-12,ICICIBANK.NS,904.44
2024-11-13,ICICIBANK.NS,932.88
2024-11-14,ICICIBANK.NS,928.42
2024-11-15,ICICIBANK.NS,933.6
2024-11-18,ICICIBANK.NS,933.21
2024-11-19,ICICIBANK.NS,926.45
2024-11-20,ICICIBANK.NS,917.32
2024-11-21,ICICIBANK.NS,923.13
2024-11-22,ICICIBANK.NS,898.29
2024-11-25,ICICIBANK.NS,910.78
2024-11-26,ICICIBANK.NS,904.32
2024-11-27,ICICIBANK.NS,886.29
2024-11-28,ICICIBANK.NS,879.47
2024-11-29,ICICIBANK.NS,899.72
2024-12-02,ICICIBANK.NS,891.41
2024-12-03,ICICIBANK.NS,897.52
2024-12-04,ICICIBANK.NS,886.07
2024-12-05,ICICIBANK.NS,898.51
2024-12-06,ICICIBANK.NS,909.96
2024-12-09,ICICIBANK.NS,940.6
2024-12-10,ICICIBANK.NS,938.0
2024-12-11,ICICIBANK.NS,949.67
2024-12-12,ICICIBANK.NS,951.72
2024-12-13,ICICIBANK.NS,974.3
2024-12-16,ICICIBANK.NS,962.09
2024-12-17,ICICIBANK.NS,975.37
2024-12-18,ICICIBANK.NS,972.35
2024-12-19,ICICIBANK.NS,971.61
2024-12-20,ICICIBANK.NS,973.6
2024-12-23,ICICIBANK.NS,978.41
2024-12-24,ICICIBANK.NS,976.76
2024-12-25,ICICIBANK.NS,980.92
2024-12-26,ICICIBANK.NS,1009.18
2024-12-27,ICICIBANK.NS,1027.49
2024-12-30,ICICIBANK.NS,1043.97
2024-12-31,ICICIBANK.NS,1035.83
2025-01-01,ICICIBANK.NS,1019.66
2025-01-02,ICICIBANK.NS,1037.6
2025-01-03,ICICIBANK.NS,1054.38
2025-01-06,ICICIBANK.NS,1082.75
2025-01-07,ICICIBANK.NS,1071.41
2025-01-08,ICICIBANK.NS,1067.42
2025-01-09,ICICIBANK.NS,1036.34
2025-01-10,ICICIBANK.NS,1029.44
2025-01-13,ICICIBANK.NS,1048.31
2025-01-14,ICICIBANK.NS,1039.93
2025-01-15,ICICIBANK.NS,1052.34
2025-01-16,ICICIBANK.NS,1049.15
2025-01-17,ICICIBANK.NS,1055.69
2025-01-20,ICICIBANK.NS,1034.3
2025-01-21,ICICIBANK.NS,1036.3
2025-01-22,ICICIBANK.NS,980.92
2025-01-23,ICICIBANK.NS,978.01
2025-01-24,ICICIBANK.NS,949.7
2025-01-27,ICICIBANK.NS,970.7
2025-01-28,ICICIBANK.NS,984.67
2025-01-29,ICICIBANK.NS,993.33
2025-01-30,ICICIBANK.NS,1020.93
2025-01-31,ICICIBANK.NS,1003.9
2025-02-03,ICICIBANK.NS,1035.87
2025-02-04,ICICIBANK.NS,1053.67
2025-02-05,ICICIBANK.NS,1049.61
2025-02-06,ICICIBANK.NS,1071.48
2025-02-07,ICICIBANK.NS,1050.57
2025-02-10,ICICIBANK.NS,1035.4
2025-02-11,ICICIBANK.NS,1024.47
2025-02-12,ICICIBANK.NS,1015.13
2025-02-13,ICICIBANK.NS,996.23
2025-02-14,ICICIBANK.NS,1018.56
2025-02-17,ICICIBANK.NS,1014.22
2025-02-18,ICICIBANK.NS,1021.06
2025-02-19,ICICIBANK.NS,1010.99
2025-02-20,ICICIBANK.NS,978.26
2025-02-21,ICICIBANK.NS,983.41
2025-02-24,ICICIBANK.NS,949.95
2025-02-25,ICICIBANK.NS,949.16
2025-02-26,ICICIBANK.NS,926.16
2025-02-27,ICICIBANK.NS,959.66
2025-02-28,ICICIBANK.NS,975.79
2025-03-03,ICICIBANK.NS,978.03
2025-03-04,ICICIBANK.NS,1000.67
2025-03-05,ICICIBANK.NS,985.83
2025-03-06,ICICIBANK.NS,995.87
2025-03-07,ICICIBANK.NS,999.85
2025-03-10,ICICIBANK.NS,1005.0
2025-03-11,ICICIBANK.NS,1028.42
2025-03-12,ICICIBANK.NS,1042.39
2025-03-13,ICICIBANK.NS,1048.22
2025-03-14,ICICIBANK.NS,1017.42
2025-03-17,ICICIBANK.NS,1000.24
2025-03-18,ICICIBANK.NS,998.43
2025-03-19,ICICIBANK.NS,1000.51
2025-03-20,ICICIBANK.NS,980.56
2025-03-21,ICICIBANK.NS,1023.52
2025-03-24,ICICIBANK.NS,1051.86
2025-03-25,ICICIBANK.NS,1063.68
2025-03-26,ICICIBANK.NS,1065.49
2025-03-27,ICICIBANK.NS,1061.84
2025-03-28,ICICIBANK.NS,1044.07
2025-03-31,ICICIBANK.NS,1045.95
2025-04-01,ICICIBANK.NS,1051.22
2025-04-02,ICICIBANK.NS,1028.14
2025-04-03,ICICIBANK.NS,1034.74
2025-04-04,ICICIBANK.NS,1032.26
2025-04-07,ICICIBANK.NS,997.23
2025-04-08,ICICIBANK.NS,982.18
2025-04-09,ICICIBANK.NS,975.26
2025-04-10,ICICIBANK.NS,1008.79
2025-04-11,ICICIBANK.NS,1019.3
2025-04-14,ICICIBANK.NS,995.2
2025-04-15,ICICIBANK.NS,1004.31
2025-04-16,ICICIBANK.NS,976.74
2025-04-17,ICICIBANK.NS,996.16
2025-04-18,ICICIBANK.NS,988.12
2025-04-21,ICICIBANK.NS,986.85
2025-04-22,ICICIBANK.NS,1010.79
2025-04-23,ICICIBANK.NS,987.78
2025-04-24,ICICIBANK.NS,963.33
2025-04-25,ICICIBANK.NS,953.6
2025-04-28,ICICIBANK.NS,971.8
2025-04-29,ICICIBANK.NS,945.61
2025-04-30,ICICIBANK.NS,897.78
2025-05-01,ICICIBANK.NS,890.85
2025-05-02,ICICIBANK.NS,900.06
2025-05-05,ICICIBANK.NS,919.86
2025-05-06,ICICIBANK.NS,912.56
2025-05-07,ICICIBANK.NS,906.17
2025-05-08,ICICIBANK.NS,925.35
2025-05-09,ICICIBANK.NS,894.58
2025-05-12,ICICIBANK.NS,888.68
2025-05-13,ICICIBANK.NS,892.08
2025-05-14,ICICIBANK.NS,899.65
2025-05-15,ICICIBANK.NS,891.76
2025-05-16,ICICIBANK.NS,892.67
2025-05-19,ICICIBANK.NS,853.04
2025-05-20,ICICIBANK.NS,843.27
2025-05-21,ICICIBANK.NS,850.5
2025-05-22,ICICIBANK.NS,835.8
2025-05-23,ICICIBANK.NS,837.02
2025-05-26,ICICIBANK.NS,844.09
2025-05-27,ICICIBANK.NS,839.22
2025-05-28,ICICIBANK.NS,842.13
2025-05-29,ICICIBANK.NS,827.87
2025-05-30,ICICIBANK.NS,825.13
2025-06-02,ICICIBANK.NS,834.52
2025-06-03,ICICIBANK.NS,837.21
2025-06-04,ICICIBANK.NS,828.71
2025-06-05,ICICIBANK.NS,832.38
2025-06-06,ICICIBANK.NS,843.42
2025-06-09,ICICIBANK.NS,812.64
2025-06-10,ICICIBANK.NS,829.92
2025-06-11,ICICIBANK.NS,825.23
2025-06-12,ICICIBANK.NS,831.88
2025-06-13,ICICIBANK.NS,850.14
2025-06-16,ICICIBANK.NS,829.49
2025-06-17,ICICIBANK.NS,819.23
2025-06-18,ICICIBANK.NS,815.3
2025-06-19,ICICIBANK.NS,804.12
2025-06-20,ICICIBANK.NS,829.56
2025-06-23,ICICIBANK.NS,817.1
2025-06-24,ICICIBANK.NS,809.25
2025-06-25,ICICIBANK.NS,812.55
2025-06-26,ICICIBANK.NS,795.3
2025-06-27,ICICIBANK.NS,789.95
2025-06-30,ICICIBANK.NS,794.78
2025-07-01,ICICIBANK.NS,790.34
2025-07-02,ICICIBANK.NS,789.32
2025-07-03,ICICIBANK.NS,782.12
2025-07-04,ICICIBANK.NS,761.11
2025-07-07,ICICIBANK.NS,765.82
2025-07-08,ICICIBANK.NS,790.32
2025-07-09,ICICIBANK.NS,790.9
2025-07-10,ICICIBANK.NS,794.42
2025-07-11,ICICIBANK.NS,804.64
2025-07-14,ICICIBANK.NS,786.58
2025-07-15,ICICIBANK.NS,811.0
2025-07-16,ICICIBANK.NS,814.28
2025-07-17,ICICIBANK.NS,838.52
2025-07-18,ICICIBANK.NS,827.79
2025-07-21,ICICIBANK.NS,855.21
2025-07-22,ICICIBANK.NS,867.49
2025-07-23,ICICIBANK.NS,876.47
2025-07-24,ICICIBANK.NS,880.51
2025-07-25,ICICIBANK.NS,876.93
2025-07-28,ICICIBANK.NS,896.23
2025-07-29,ICICIBANK.NS,898.85
2025-07-30,ICICIBANK.NS,867.38
2025-07-31,ICICIBANK.NS,850.29
2025-08-01,ICICIBANK.NS,847.78
2025-08-04,ICICIBANK.NS,852.85
2025-08-05,ICICIBANK.NS,852.33
2025-08-06,ICICIBANK.NS,871.37
2025-08-07,ICICIBANK.NS,841.11
2025-08-08,ICICIBANK.NS,843.63
2025-08-11,ICICIBANK.NS,816.36
2025-08-12,ICICIBANK.NS,827.85
2025-08-13,ICICIBANK.NS,826.77
2025-08-14,ICICIBANK.NS,833.35
2025-08-15,ICICIBANK.NS,820.72
2025-08-18,ICICIBANK.NS,839.95
2025-08-19,ICICIBANK.NS,856.04
2025-08-20,ICICIBANK.NS,865.37
2025-08-21,ICICIBANK.NS,863.7
2025-08-22,ICICIBANK.NS,873.06
2025-08-25,ICICIBANK.NS,862.3
2025-08-26,ICICIBANK.NS,875.92
2025-08-27,ICICIBANK.NS,902.28
2025-08-28,ICICIBANK.NS,920.03
2025-08-29,ICICIBANK.NS,908.31
2025-09-01,ICICIBANK.NS,914.59
2025-09-02,ICICIBANK.NS,893.66
2025-09-03,ICICIBANK.NS,903.23
2025-09-04,ICICIBANK.NS,910.92
2025-09-05,ICICIBANK.NS,880.62
2025-09-08,ICICIBANK.NS,862.56
2025-09-09,ICICIBANK.NS,858.51
2025-09-10,ICICIBANK.NS,854.2
2025-09-11,ICICIBANK.NS,835.95
2025-09-12,ICICIBANK.NS,842.14
2025-09-15,ICICIBANK.NS,846.28
2025-09-16,ICICIBANK.NS,843.66
2025-09-17,ICICIBANK.NS,832.52
2025-09-18,ICICIBANK.NS,848.57
2025-09-19,ICICIBANK.NS,874.2
